Year,Mo,MonthID,Globe,Land,Ocean,NH,Land,Ocean,SH,Land,Ocean,Trpcs,Land,Ocean,NoExt,Land,Ocean,SoExt,Land,Ocean,NoPol,Land,Ocean,SoPol,Land,Ocean,USA48,USA49,AUST
1978,12,23748,-0.36,-0.36,-0.36,-0.31,-0.3,-0.31,-0.41,-0.49,-0.39,-0.47,-0.49,-0.47,-0.23,-0.27,-0.2,-0.37,-0.41,-0.36,-0.24,-0.55,0.12,-0.35,-0.21,-0.42,-1.03,-0.94,-1.2
1979,1,23749,-0.33,-0.48,-0.27,-0.48,-0.69,-0.35,-0.18,0,-0.22,-0.37,-0.42,-0.36,-0.54,-0.75,-0.35,-0.08,0.26,-0.15,-0.11,-0.65,0.51,-0.11,-0.08,-0.12,-3.07,-2.25,1.16
1979,2,23750,-0.27,-0.35,-0.24,-0.25,-0.32,-0.21,-0.29,-0.41,-0.27,-0.23,-0.09,-0.27,-0.27,-0.4,-0.16,-0.31,-0.58,-0.27,-1.71,-2.06,-1.32,-0.68,-1.09,-0.49,-1.55,-1.59,-0.21
1979,3,23751,-0.26,-0.31,-0.24,-0.28,-0.25,-0.29,-0.24,-0.44,-0.19,-0.26,-0.3,-0.25,-0.3,-0.25,-0.34,-0.21,-0.5,-0.16,-0.32,-0.26,-0.39,-0.47,-1.2,-0.13,-0.43,-0.15,0.42
1979,4,23752,-0.28,-0.4,-0.24,-0.31,-0.44,-0.23,-0.26,-0.32,-0.25,-0.25,-0.27,-0.24,-0.34,-0.51,-0.19,-0.26,-0.27,-0.26,-0.44,-0.45,-0.42,-0.18,0.42,-0.46,-0.61,-0.28,-0.94
1979,5,23753,-0.27,-0.39,-0.23,-0.36,-0.34,-0.37,-0.18,-0.49,-0.12,-0.34,-0.41,-0.31,-0.35,-0.31,-0.39,-0.13,-0.59,-0.04,-0.44,-0.2,-0.72,0.03,-0.37,0.22,-0.72,-0.6,-1.05
1979,6,23754,-0.26,-0.43,-0.2,-0.35,-0.42,-0.3,-0.18,-0.45,-0.12,-0.22,-0.29,-0.19,-0.38,-0.43,-0.34,-0.19,-0.64,-0.11,-0.49,-0.82,-0.12,-1.15,-1.79,-0.85,-0.51,-0.53,-0.34
1979,7,23755,-0.18,-0.4,-0.09,-0.07,-0.18,0,-0.3,-0.91,-0.17,-0.23,-0.33,-0.2,-0.01,-0.18,0.14,-0.3,-1.21,-0.14,-0.07,-0.22,0.11,-1.09,-2.31,-0.51,-0.04,0.02,-0.76
1979,8,23756,-0.28,-0.38,-0.23,-0.21,-0.24,-0.2,-0.34,-0.69,-0.26,-0.23,-0.18,-0.24,-0.23,-0.29,-0.18,-0.37,-0.97,-0.26,-0.08,-0.15,0,-0.99,-1.53,-0.73,-0.68,-0.31,-0.81
1979,9,23757,-0.16,-0.25,-0.12,-0.16,-0.14,-0.18,-0.15,-0.49,-0.08,-0.19,-0.23,-0.17,-0.15,-0.11,-0.19,-0.13,-0.73,-0.03,0.06,0.18,-0.07,-0.14,-0.62,0.09,0.88,0.95,-0.49
1979,10,23758,-0.01,-0.11,0.03,0.03,-0.08,0.09,-0.05,-0.2,-0.02,-0.07,-0.06,-0.07,0.05,-0.07,0.16,-0.01,-0.34,0.05,0.06,-0.1,0.24,-0.15,-0.66,0.09,0.47,0.67,-0.11
1979,11,23759,-0.13,0.01,-0.18,0.12,0.16,0.1,-0.38,-0.32,-0.39,-0.07,-0.16,-0.04,0.22,0.22,0.23,-0.54,-0.37,-0.58,-0.02,0.39,-0.49,-0.47,-0.43,-0.49,-1.04,-0.45,0.05
1979,12,23760,-0.08,0.16,-0.18,0.02,0.21,-0.11,-0.18,0.05,-0.23,-0.3,-0.46,-0.26,0.19,0.41,0.01,-0.13,0.35,-0.22,-0.38,0.03,-0.85,0.78,0.94,0.7,1.8,1.09,-0.05
1980,1,23761,-0.08,-0.32,0.01,-0.12,-0.43,0.08,-0.05,-0.06,-0.05,-0.08,-0.07,-0.08,-0.17,-0.53,0.16,0,-0.04,0,0.81,0.75,0.88,0.6,0.57,0.62,-0.58,-0.59,-0.1
1980,2,23762,0.06,0.07,0.06,0.01,0.03,-0.01,0.11,0.17,0.1,0.03,-0.08,0.06,-0.02,0.09,-0.11,0.17,0.28,0.16,1.67,1.88,1.42,0.61,0.42,0.7,-0.8,-0.33,0.87
1980,3,23763,-0.03,-0.19,0.03,-0.15,-0.46,0.06,0.09,0.44,0.01,-0.02,-0.02,-0.02,-0.23,-0.61,0.11,0.17,0.89,0.04,0.14,-0.23,0.56,0.96,1.35,0.77,-0.89,-0.79,0.54
1980,4,23764,0.03,0.04,0.03,-0.11,-0.16,-0.08,0.17,0.47,0.11,0,-0.02,0,-0.17,-0.21,-0.13,0.27,0.89,0.16,-0.26,-0.28,-0.25,1.41,2.19,1.05,-0.34,-0.34,0.08
1980,5,23765,0.06,0.06,0.07,-0.01,-0.06,0.01,0.14,0.33,0.1,0.04,0,0.06,-0.03,-0.07,0,0.19,0.59,0.12,0.1,-0.2,0.44,0.7,0.99,0.56,-0.44,-0.34,0.26
1980,6,23766,0.09,-0.08,0.15,0.09,-0.04,0.17,0.08,-0.17,0.14,0.13,-0.02,0.17,0.07,-0.05,0.17,0.06,-0.27,0.11,-0.04,-0.23,0.18,-0.32,-0.4,-0.28,-0.05,0.03,0.13
1980,7,23767,-0.04,0.08,-0.08,-0.05,-0.07,-0.04,-0.02,0.42,-0.11,-0.11,-0.18,-0.09,-0.04,-0.05,-0.03,0.04,0.9,-0.11,-0.66,-0.63,-0.69,1.39,2.66,0.79,0.75,0.6,-0.32
1980,8,23768,-0.03,0.03,-0.05,-0.14,-0.14,-0.14,0.09,0.39,0.02,-0.24,-0.32,-0.22,-0.09,-0.09,-0.09,0.26,0.94,0.14,0.14,0.41,-0.16,1.1,1.96,0.69,-0.07,-0.23,0.41
1980,9,23769,-0.01,-0.03,0,-0.17,-0.27,-0.12,0.15,0.5,0.08,-0.1,-0.19,-0.08,-0.21,-0.3,-0.14,0.29,1.05,0.16,-0.18,-0.1,-0.27,1.19,2.18,0.72,0.35,0.27,1.3
1980,10,23770,-0.16,-0.2,-0.15,-0.13,-0.14,-0.12,-0.19,-0.33,-0.17,-0.18,-0.19,-0.18,-0.12,-0.14,-0.09,-0.18,-0.39,-0.15,0.77,0.97,0.53,-0.64,-0.76,-0.58,-0.45,-0.22,-0.11
1980,11,23771,-0.14,0.1,-0.23,-0.05,0.16,-0.19,-0.23,-0.04,-0.27,-0.32,-0.36,-0.3,0.04,0.29,-0.18,-0.14,0.21,-0.2,-0.99,-0.64,-1.39,0.24,0.95,-0.1,0.01,0.1,0.32
1980,12,23772,-0.25,-0.13,-0.3,-0.15,0,-0.24,-0.36,-0.42,-0.34,-0.32,-0.41,-0.3,-0.06,0.12,-0.21,-0.37,-0.47,-0.36,-0.39,0,-0.83,-0.69,-0.54,-0.76,1.54,1.15,-0.37
1981,1,23773,-0.08,0.18,-0.19,-0.05,0.39,-0.33,-0.12,-0.3,-0.09,-0.37,-0.45,-0.35,0.12,0.62,-0.33,0.01,-0.23,0.05,1.77,2.62,0.8,-0.41,-0.66,-0.29,0.29,0.92,0.34
1981,2,23774,0.01,-0.04,0.03,-0.15,-0.09,-0.18,0.17,0.08,0.19,-0.32,-0.35,-0.31,-0.07,-0.02,-0.12,0.44,0.4,0.45,0.05,0.17,-0.08,0.35,0.34,0.35,0.32,0.35,0.49
1981,3,23775,-0.13,-0.1,-0.14,-0.28,-0.19,-0.34,0.02,0.11,0,-0.29,-0.36,-0.27,-0.28,-0.09,-0.46,0.19,0.31,0.17,0.07,0.16,-0.04,1.07,1.74,0.75,-1.64,-1.09,-1.32
1981,4,23776,-0.13,0.07,-0.2,0.16,0.36,0.03,-0.41,-0.58,-0.37,-0.19,-0.18,-0.2,0.29,0.48,0.12,-0.48,-0.85,-0.41,0.25,0.04,0.48,-0.29,-1.26,0.17,2.08,1.84,0.08
1981,5,23777,-0.14,-0.19,-0.11,-0.13,-0.21,-0.08,-0.14,-0.17,-0.14,-0.18,-0.25,-0.16,-0.13,-0.21,-0.06,-0.1,-0.06,-0.11,0.02,0.11,-0.07,0.11,-0.19,0.25,-0.7,-0.3,-0.69
1981,6,23778,-0.18,-0.22,-0.16,-0.1,-0.1,-0.1,-0.26,-0.5,-0.21,-0.24,-0.25,-0.24,-0.06,-0.07,-0.05,-0.23,-0.64,-0.16,-0.15,0.05,-0.39,-0.21,-0.1,-0.26,0.72,0.34,-0.59
1981,7,23779,-0.08,0.08,-0.14,-0.06,0.04,-0.12,-0.1,0.18,-0.16,-0.29,-0.42,-0.25,0.06,0.15,-0.02,0,0.66,-0.12,-0.4,-0.32,-0.5,0.86,1.98,0.33,0.33,0.17,-0.02
1981,8,23780,-0.08,0.07,-0.14,-0.05,-0.05,-0.04,-0.11,0.33,-0.21,-0.33,-0.35,-0.33,0.09,0.01,0.16,0.02,0.91,-0.14,0.19,0.37,-0.01,1.15,2.85,0.35,-0.14,-0.23,-0.28
1981,9,23781,-0.16,-0.1,-0.19,-0.19,-0.24,-0.16,-0.13,0.21,-0.21,-0.18,-0.32,-0.14,-0.21,-0.23,-0.18,-0.1,0.65,-0.23,-0.03,-0.29,0.27,0.85,1.47,0.56,-0.08,-0.34,0.76
1981,10,23782,-0.19,-0.26,-0.17,-0.08,-0.19,-0.02,-0.31,-0.44,-0.28,-0.1,-0.19,-0.07,-0.1,-0.22,0.01,-0.39,-0.52,-0.37,0.51,0.67,0.32,-0.15,-0.01,-0.21,-0.36,-0.19,-0.62
1981,11,23783,-0.15,-0.12,-0.16,-0.06,-0.02,-0.08,-0.24,-0.35,-0.21,-0.12,-0.14,-0.11,-0.03,0.04,-0.09,-0.29,-0.59,-0.24,0.63,0.84,0.4,-1.06,-1.24,-0.98,0.73,0.55,-0.48
1981,12,23784,-0.02,0.16,-0.09,0.01,0.21,-0.12,-0.05,0.05,-0.07,-0.14,0,-0.18,0.07,0.26,-0.1,0.01,0.08,0,-0.08,0.18,-0.38,-0.13,0.09,-0.24,-0.04,-0.25,0.52
1982,1,23785,-0.23,-0.5,-0.12,-0.32,-0.68,-0.09,-0.13,-0.08,-0.14,-0.22,-0.23,-0.21,-0.35,-0.78,0.03,-0.11,-0.01,-0.12,-0.88,-1.43,-0.26,0.2,-0.03,0.31,-1.29,-1.12,0.52
1982,2,23786,-0.25,-0.5,-0.15,-0.36,-0.65,-0.17,-0.13,-0.16,-0.13,-0.3,-0.32,-0.29,-0.38,-0.7,-0.08,-0.07,-0.15,-0.05,0.46,0.37,0.56,-0.3,-0.22,-0.34,-0.34,-0.34,0.01
1982,3,23787,-0.32,-0.81,-0.13,-0.47,-0.86,-0.22,-0.17,-0.69,-0.07,-0.2,-0.23,-0.19,-0.61,-0.99,-0.26,-0.17,-1.16,0.01,-0.74,-1.11,-0.32,-1.18,-2.52,-0.55,-0.37,-0.29,0.02
1982,4,23788,-0.32,-0.44,-0.27,-0.31,-0.27,-0.34,-0.32,-0.82,-0.22,-0.31,-0.43,-0.27,-0.32,-0.23,-0.39,-0.33,-1.11,-0.2,-0.49,-0.09,-0.95,-1.01,-1.67,-0.7,-1.32,-1.44,-0.74
1982,5,23789,-0.31,-0.35,-0.3,-0.42,-0.45,-0.4,-0.21,-0.13,-0.23,-0.21,-0.36,-0.16,-0.54,-0.49,-0.58,-0.21,0.08,-0.26,-1.31,-1.11,-1.54,0.56,0.5,0.59,-0.26,-0.6,-0.37
1982,6,23790,-0.25,-0.55,-0.13,-0.34,-0.52,-0.22,-0.16,-0.62,-0.06,-0.13,-0.27,-0.09,-0.47,-0.61,-0.35,-0.14,-0.81,-0.02,-0.62,-0.61,-0.64,0.09,-0.72,0.47,-1.3,-1.17,-0.66
1982,7,23791,-0.41,-0.39,-0.42,-0.38,-0.39,-0.37,-0.44,-0.37,-0.46,-0.29,-0.28,-0.29,-0.45,-0.45,-0.46,-0.5,-0.36,-0.52,-0.3,-0.25,-0.36,-0.23,0.34,-0.5,-0.31,-0.3,-1.06
1982,8,23792,-0.33,-0.41,-0.3,-0.41,-0.36,-0.43,-0.26,-0.52,-0.21,-0.34,-0.49,-0.3,-0.46,-0.38,-0.54,-0.2,-0.4,-0.17,-0.56,-0.55,-0.56,-0.7,-1.4,-0.37,-0.11,-0.12,0.44
1982,9,23793,-0.3,-0.38,-0.27,-0.25,-0.16,-0.31,-0.34,-0.86,-0.24,-0.31,-0.39,-0.29,-0.26,-0.15,-0.37,-0.32,-1.07,-0.19,-0.79,-0.47,-1.15,-0.98,-2.06,-0.47,-0.2,-0.1,-1.33
1982,10,23794,-0.39,-0.52,-0.35,-0.43,-0.46,-0.42,-0.35,-0.64,-0.29,-0.44,-0.58,-0.4,-0.43,-0.43,-0.42,-0.31,-0.7,-0.24,-0.8,-0.97,-0.6,-0.22,-0.8,0.06,-0.31,-0.65,-1.03
1982,11,23795,-0.27,-0.35,-0.24,-0.45,-0.58,-0.37,-0.09,0.17,-0.15,-0.15,-0.32,-0.11,-0.57,-0.62,-0.53,-0.09,0.47,-0.19,-0.93,-0.98,-0.87,0.43,1.09,0.12,-0.66,-0.56,0.02
1982,12,23796,-0.16,-0.02,-0.22,-0.06,-0.06,-0.07,-0.27,0.06,-0.34,0,-0.14,0.04,-0.09,-0.04,-0.14,-0.41,0.23,-0.52,-0.37,-0.27,-0.48,0.53,1.15,0.24,0.71,0.62,-0.63
1983,1,23797,0.01,0.04,0,0.1,0,0.17,-0.08,0.14,-0.13,0.51,0.14,0.62,-0.1,0.06,-0.24,-0.41,-0.17,-0.45,-0.38,0.04,-0.86,0.24,0.1,0.3,0.5,0.26,-0.87
1983,2,23798,-0.16,-0.27,-0.12,-0.24,-0.47,-0.09,-0.09,0.18,-0.14,0.47,0.33,0.51,-0.61,-0.62,-0.6,-0.38,-0.14,-0.43,-0.07,0.06,-0.23,-0.13,-0.38,-0.02,-0.04,-0.04,0.06
1983,3,23799,0.15,-0.13,0.25,0.08,-0.2,0.27,0.21,0.04,0.25,0.56,0.43,0.6,-0.19,-0.34,-0.06,0.05,-0.35,0.12,0.27,0.07,0.51,-0.53,-1.05,-0.29,-0.75,-0.59,0
1983,4,23800,0.08,-0.19,0.19,-0.09,-0.36,0.08,0.25,0.19,0.27,0.38,0.31,0.41,-0.34,-0.52,-0.18,0.19,0.06,0.21,-0.34,-0.16,-0.55,0.43,0.67,0.31,-2.54,-2.11,-0.9
1983,5,23801,0.09,-0.03,0.14,-0.13,-0.34,0,0.31,0.66,0.24,0.29,0.39,0.26,-0.36,-0.52,-0.21,0.33,0.86,0.24,-0.88,-1,-0.75,1.27,2.21,0.82,-1.5,-1.3,0.31
1983,6,23802,-0.18,-0.43,-0.09,-0.3,-0.52,-0.15,-0.07,-0.23,-0.04,0.12,0.11,0.12,-0.53,-0.68,-0.4,-0.15,-0.5,-0.09,-0.39,-0.2,-0.61,0.28,0.06,0.38,-1.05,-0.9,-0.4
1983,7,23803,0,-0.15,0.06,0.02,0.02,0.01,-0.02,-0.55,0.09,0.24,0.35,0.21,-0.12,-0.06,-0.17,-0.14,-1.24,0.06,-0.15,-0.3,0.01,-0.95,-1.87,-0.52,0.27,0.16,-0.92
1983,8,23804,0.03,0.11,-0.01,0.06,0.2,-0.03,-0.01,-0.09,0.01,0.09,0.08,0.09,0.04,0.22,-0.12,-0.06,-0.18,-0.04,-0.13,-0.05,-0.23,-0.19,-0.01,-0.27,0.91,0.58,-0.46
1983,9,23805,-0.01,0.21,-0.09,0,0.11,-0.07,-0.02,0.42,-0.11,-0.01,0.05,-0.03,0.02,0.14,-0.09,-0.03,0.65,-0.15,-0.06,0.2,-0.35,1.16,1.75,0.88,0.07,-0.25,0.9
1983,10,23806,-0.1,-0.05,-0.12,-0.08,0.1,-0.2,-0.11,-0.38,-0.06,-0.17,-0.25,-0.15,-0.06,0.15,-0.25,-0.06,-0.35,-0.01,-0.53,-0.39,-0.69,-0.69,-0.92,-0.58,0.57,0.38,0.05
1983,11,23807,-0.08,0.03,-0.13,0.08,0.34,-0.1,-0.24,-0.67,-0.15,-0.19,-0.25,-0.17,0.19,0.5,-0.08,-0.24,-0.96,-0.12,0.08,0.58,-0.49,-1.18,-2.03,-0.78,-0.16,0.05,-0.03
1983,12,23808,-0.31,-0.42,-0.26,-0.24,-0.33,-0.18,-0.38,-0.64,-0.32,-0.36,-0.48,-0.33,-0.17,-0.31,-0.05,-0.39,-0.71,-0.33,0.23,0.45,-0.03,-0.81,-1.37,-0.54,-1.89,-1.16,-0.55
1984,1,23809,-0.36,-0.41,-0.35,-0.38,-0.41,-0.36,-0.35,-0.4,-0.33,-0.51,-0.58,-0.49,-0.3,-0.4,-0.21,-0.27,-0.16,-0.29,-0.56,-0.15,-1.02,0.19,0.11,0.23,-0.45,-0.51,-0.99
1984,2,23810,-0.23,-0.38,-0.17,-0.32,-0.36,-0.29,-0.14,-0.43,-0.08,-0.32,-0.35,-0.31,-0.3,-0.4,-0.21,-0.06,-0.38,0,-0.2,-0.2,-0.19,-0.28,-0.85,-0.02,0.13,-0.48,-0.52
1984,3,23811,-0.14,-0.19,-0.13,-0.36,-0.32,-0.39,0.07,0.12,0.06,-0.06,-0.05,-0.06,-0.53,-0.41,-0.63,0.15,0.32,0.12,-0.28,-0.13,-0.44,0.53,0.81,0.39,-0.95,-0.51,-0.4
1984,4,23812,-0.25,-0.38,-0.2,-0.37,-0.45,-0.31,-0.13,-0.21,-0.11,-0.2,-0.22,-0.19,-0.47,-0.55,-0.39,-0.08,-0.1,-0.08,-1.07,-1.18,-0.95,0.13,0.34,0.04,-1.02,-1.28,-0.45
1984,5,23813,-0.11,0.03,-0.17,-0.21,-0.11,-0.27,-0.02,0.36,-0.1,-0.33,-0.19,-0.37,-0.15,-0.09,-0.21,0.16,0.77,0.05,-0.01,0.19,-0.24,1.69,2.41,1.35,-0.1,-0.42,-0.55
1984,6,23814,-0.21,-0.19,-0.22,-0.09,-0.01,-0.14,-0.34,-0.6,-0.28,-0.37,-0.36,-0.37,0.08,0.1,0.06,-0.34,-0.84,-0.25,0.23,0.2,0.26,-1.09,-1.63,-0.84,-0.39,-0.37,0.12
1984,7,23815,-0.29,-0.38,-0.25,-0.28,-0.27,-0.28,-0.3,-0.63,-0.23,-0.52,-0.5,-0.53,-0.17,-0.23,-0.11,-0.16,-0.67,-0.07,0.17,0.08,0.28,-0.98,-0.83,-1.04,-0.16,-0.23,-0.87
1984,8,23816,-0.21,-0.3,-0.18,-0.17,-0.15,-0.19,-0.25,-0.64,-0.17,-0.25,-0.26,-0.25,-0.16,-0.17,-0.15,-0.21,-0.78,-0.12,-0.15,-0.33,0.06,0.27,-0.09,0.43,0.07,0.09,-0.62
1984,9,23817,-0.51,-0.71,-0.42,-0.47,-0.68,-0.34,-0.54,-0.79,-0.49,-0.5,-0.57,-0.48,-0.48,-0.73,-0.25,-0.54,-0.87,-0.48,0.09,-0.21,0.43,-0.27,-0.33,-0.25,-0.82,-0.7,-2.07
1984,10,23818,-0.07,-0.22,-0.02,-0.09,-0.2,-0.02,-0.06,-0.26,-0.01,-0.16,-0.09,-0.18,-0.07,-0.24,0.09,0.01,-0.34,0.08,0.36,0.06,0.71,-0.23,-1.07,0.17,-0.7,-0.34,0.02
1984,11,23819,-0.21,-0.31,-0.16,-0.3,-0.36,-0.27,-0.11,-0.21,-0.09,-0.28,-0.29,-0.28,-0.31,-0.37,-0.25,-0.03,-0.17,-0.01,-0.5,-0.73,-0.23,-0.35,-0.58,-0.25,-0.53,-0.54,0.24
1984,12,23820,-0.26,-0.73,-0.07,-0.51,-1.1,-0.13,-0.01,0.11,-0.03,-0.25,-0.36,-0.22,-0.61,-1.27,-0.02,0.09,0.38,0.03,-0.37,-0.81,0.14,0.91,1.35,0.71,1.02,0.94,0.45
1985,1,23821,-0.3,-0.24,-0.32,-0.35,-0.34,-0.35,-0.24,-0.01,-0.29,-0.31,-0.12,-0.37,-0.36,-0.4,-0.33,-0.21,0.08,-0.26,0.95,0.87,1.03,0.27,0.61,0.11,-1.46,-0.66,-0.27
1985,2,23822,-0.48,-0.54,-0.45,-0.37,-0.49,-0.29,-0.58,-0.64,-0.57,-0.46,-0.4,-0.48,-0.31,-0.55,-0.1,-0.65,-0.74,-0.63,-0.83,-0.96,-0.67,-1.16,-1.72,-0.89,-1.37,-1.58,-0.07
1985,3,23823,-0.46,-0.52,-0.43,-0.65,-0.72,-0.61,-0.27,-0.09,-0.31,-0.46,-0.21,-0.53,-0.73,-0.85,-0.62,-0.19,-0.01,-0.22,-1.32,-1.37,-1.27,-0.43,-0.05,-0.61,0.08,-0.27,0.1
1985,4,23824,-0.31,-0.25,-0.34,-0.44,-0.27,-0.55,-0.18,-0.18,-0.18,-0.53,-0.54,-0.53,-0.37,-0.2,-0.52,-0.03,0.07,-0.05,-1.55,-1.27,-1.87,0.05,0.58,-0.2,0.6,-0.17,-0.05
1985,5,23825,-0.32,-0.31,-0.32,-0.31,-0.2,-0.38,-0.33,-0.57,-0.28,-0.38,-0.44,-0.37,-0.26,-0.14,-0.37,-0.32,-0.66,-0.25,-0.35,-0.47,-0.22,-0.71,-0.98,-0.58,0.41,0.16,-0.93
1985,6,23826,-0.35,-0.37,-0.34,-0.43,-0.42,-0.43,-0.27,-0.25,-0.27,-0.49,-0.67,-0.44,-0.42,-0.41,-0.44,-0.12,0.21,-0.18,-0.47,-0.62,-0.31,0.22,0.39,0.14,-0.26,-0.48,-0.56
1985,7,23827,-0.51,-0.76,-0.41,-0.65,-0.77,-0.58,-0.37,-0.75,-0.29,-0.81,-0.89,-0.79,-0.57,-0.74,-0.42,-0.14,-0.65,-0.05,-0.77,-1.19,-0.28,-0.57,-1.86,0.04,-0.15,-0.11,0.02
1985,8,23828,-0.26,-0.23,-0.28,-0.39,-0.29,-0.46,-0.13,-0.11,-0.14,-0.48,-0.5,-0.48,-0.35,-0.23,-0.45,0.05,0.2,0.02,-0.71,-0.63,-0.79,0.14,0.58,-0.08,-0.62,-0.67,-0.29
1985,9,23829,-0.37,-0.34,-0.38,-0.41,-0.24,-0.52,-0.34,-0.57,-0.29,-0.54,-0.52,-0.54,-0.36,-0.18,-0.52,-0.22,-0.59,-0.15,-0.08,0.27,-0.47,-0.54,-0.81,-0.42,-0.87,-0.68,-0.88
1985,10,23830,-0.43,-0.5,-0.4,-0.36,-0.39,-0.35,-0.49,-0.76,-0.44,-0.36,-0.39,-0.36,-0.39,-0.43,-0.35,-0.54,-0.91,-0.47,-0.4,-0.66,-0.1,-0.48,-1.06,-0.2,0.09,-0.26,-1.1
1985,11,23831,-0.28,-0.47,-0.21,-0.29,-0.47,-0.18,-0.27,-0.49,-0.23,-0.33,-0.47,-0.29,-0.3,-0.49,-0.13,-0.22,-0.41,-0.19,0.81,0.7,0.93,-0.77,-1.47,-0.44,-0.62,-0.26,-0.11
1985,12,23832,-0.26,-0.31,-0.24,-0.17,-0.2,-0.16,-0.35,-0.56,-0.3,-0.3,-0.29,-0.3,-0.13,-0.17,-0.09,-0.36,-0.77,-0.28,0.94,1.22,0.61,-1.08,-1.52,-0.87,-0.92,-0.26,-0.12
1986,1,23833,-0.15,-0.03,-0.2,-0.14,0.08,-0.28,-0.16,-0.26,-0.14,-0.16,-0.17,-0.15,-0.15,0.11,-0.39,-0.14,-0.22,-0.13,-0.49,-0.12,-0.91,-0.36,-0.17,-0.45,1.1,0.93,-0.39
1986,2,23834,-0.37,-0.29,-0.4,-0.52,-0.48,-0.54,-0.22,0.14,-0.3,-0.5,-0.54,-0.49,-0.51,-0.47,-0.55,-0.1,0.65,-0.23,0.49,0.55,0.43,0.94,2.17,0.36,0.39,0.49,-0.19
1986,3,23835,-0.28,-0.29,-0.27,-0.28,-0.31,-0.25,-0.28,-0.23,-0.29,-0.39,-0.49,-0.37,-0.25,-0.3,-0.2,-0.18,0.06,-0.22,-0.96,-0.89,-1.05,0.17,0.43,0.05,0.99,0.61,0.37
1986,4,23836,-0.16,-0.13,-0.17,-0.24,-0.16,-0.3,-0.07,-0.06,-0.08,-0.24,-0.25,-0.23,-0.24,-0.14,-0.33,0,0.11,-0.01,-0.79,-0.6,-1.01,0.11,0.06,0.13,0.55,-0.03,-0.02
1986,5,23837,-0.13,-0.16,-0.12,-0.16,-0.22,-0.12,-0.1,-0.03,-0.12,-0.23,-0.28,-0.22,-0.12,-0.22,-0.03,-0.03,0.2,-0.07,-0.44,-0.65,-0.21,0.17,0.37,0.08,0.23,-0.07,-0.02
1986,6,23838,-0.18,-0.19,-0.18,-0.12,-0.08,-0.15,-0.25,-0.45,-0.2,-0.2,-0.24,-0.18,-0.08,-0.03,-0.12,-0.27,-0.59,-0.21,-0.13,-0.36,0.14,-0.53,-1.36,-0.14,1,0.82,-0.34
1986,7,23839,-0.24,-0.39,-0.18,-0.28,-0.34,-0.24,-0.21,-0.52,-0.15,-0.37,-0.61,-0.31,-0.26,-0.31,-0.2,-0.09,-0.3,-0.05,-0.56,-0.5,-0.64,0.15,-0.19,0.31,-0.22,-0.11,-1.24
1986,8,23840,-0.25,-0.43,-0.18,-0.26,-0.37,-0.19,-0.24,-0.58,-0.17,-0.15,-0.26,-0.12,-0.38,-0.44,-0.32,-0.22,-0.68,-0.14,-0.9,-0.59,-1.26,-0.3,-0.45,-0.22,-0.47,-0.67,-0.85
1986,9,23841,-0.3,-0.46,-0.24,-0.33,-0.43,-0.27,-0.27,-0.52,-0.22,-0.19,-0.47,-0.11,-0.43,-0.44,-0.41,-0.3,-0.5,-0.26,-0.79,-0.5,-1.11,-0.63,-1.02,-0.45,-1.11,-0.71,-0.12
1986,10,23842,-0.3,-0.39,-0.27,-0.24,-0.29,-0.2,-0.37,-0.6,-0.32,-0.1,-0.32,-0.04,-0.33,-0.32,-0.34,-0.49,-0.68,-0.45,-0.24,0.1,-0.63,-0.41,-0.32,-0.45,-0.4,0.02,-1.21
1986,11,23843,-0.15,-0.35,-0.07,-0.26,-0.44,-0.15,-0.04,-0.14,-0.02,-0.07,-0.18,-0.04,-0.38,-0.52,-0.26,0,-0.04,0.01,-0.24,0.05,-0.57,0.21,-0.15,0.38,0.07,0.09,0.18
1986,12,23844,-0.11,-0.29,-0.04,-0.14,-0.36,0,-0.08,-0.13,-0.06,0.03,-0.13,0.07,-0.24,-0.41,-0.08,-0.12,-0.18,-0.11,-0.83,-0.95,-0.7,-0.41,-0.64,-0.3,0.18,0.36,-0.36
1987,1,23845,0.09,0.17,0.06,0.16,0.11,0.2,0.01,0.3,-0.05,0.14,0.08,0.15,0.15,0.1,0.2,-0.03,0.52,-0.13,0.06,-0.26,0.43,0.05,0.75,-0.28,-0.16,-0.06,0.22
1987,2,23846,0.08,0.27,0,0.11,0.4,-0.08,0.05,-0.03,0.06,0.16,0.13,0.17,0.08,0.47,-0.28,-0.01,-0.15,0.01,-0.59,-0.24,-1,0.1,-0.38,0.33,0.52,0.36,-0.3
1987,3,23847,-0.21,-0.42,-0.12,-0.23,-0.49,-0.06,-0.18,-0.26,-0.17,0.12,0.1,0.12,-0.41,-0.64,-0.21,-0.34,-0.58,-0.29,-0.35,-0.36,-0.34,-0.31,-0.55,-0.2,-0.13,-0.01,-1.16
1987,4,23848,0.08,-0.1,0.15,-0.08,-0.21,0,0.24,0.14,0.26,0.26,0.15,0.3,-0.26,-0.29,-0.23,0.22,0.09,0.24,-0.52,-0.87,-0.11,-0.41,-0.42,-0.4,0.65,0.33,0.26
1987,5,23849,-0.08,-0.28,0,-0.28,-0.3,-0.27,0.12,-0.25,0.19,0.05,0.03,0.06,-0.44,-0.37,-0.5,0.13,-0.51,0.25,-0.54,-0.74,-0.31,-0.13,-0.5,0.05,0.66,0.41,-0.22
1987,6,23850,0.17,-0.02,0.25,0.03,-0.17,0.17,0.31,0.34,0.31,0.41,0.18,0.48,-0.18,-0.29,-0.09,0.28,0.53,0.24,-0.48,-0.84,-0.07,0.56,1.22,0.24,0.57,0.4,-0.29
1987,7,23851,0.05,-0.01,0.08,0.01,-0.16,0.12,0.09,0.33,0.04,0.4,0.65,0.33,-0.22,-0.38,-0.08,-0.05,0.13,-0.08,-0.38,-0.6,-0.14,0.52,0.9,0.34,-0.31,-0.26,-0.87
1987,8,23852,-0.05,-0.34,0.06,-0.1,-0.23,-0.01,0,-0.6,0.12,0.29,0.29,0.29,-0.29,-0.38,-0.22,-0.17,-1.23,0.02,-0.46,-0.42,-0.51,-0.74,-2.22,-0.04,-0.41,-0.23,-0.41
1987,9,23853,-0.07,-0.14,-0.04,-0.01,-0.05,0.02,-0.14,-0.35,-0.09,0.34,0.37,0.33,-0.21,-0.19,-0.23,-0.36,-0.83,-0.28,-0.78,-0.57,-1.02,-0.29,-0.39,-0.24,-0.58,-0.73,-1.04
1987,10,23854,0.09,-0.04,0.13,0.09,-0.12,0.23,0.08,0.16,0.06,0.41,0.34,0.42,-0.06,-0.24,0.09,-0.1,0.01,-0.12,0.77,0.6,0.96,0.27,0.57,0.12,-0.47,-0.33,-0.18
1987,11,23855,0.08,0.01,0.11,0.08,-0.04,0.16,0.08,0.11,0.08,0.48,0.42,0.5,-0.14,-0.17,-0.12,-0.11,-0.08,-0.12,-0.69,-0.83,-0.52,-0.34,-0.67,-0.19,0.34,0.21,0.24
1987,12,23856,0.37,0.43,0.35,0.55,0.57,0.54,0.19,0.12,0.2,0.66,0.58,0.68,0.46,0.57,0.37,-0.02,-0.24,0.02,-0.25,-0.41,-0.07,-0.1,-0.47,0.07,0.52,0.29,0.29
1988,1,23857,0.15,0.09,0.17,0.15,0.01,0.24,0.14,0.26,0.12,0.32,0.28,0.33,0.04,-0.06,0.12,0.07,0.23,0.04,-0.2,-0.16,-0.26,0.36,0.44,0.32,-1.37,-0.92,-0.01
1988,2,23858,-0.06,-0.29,0.04,-0.14,-0.37,0.01,0.03,-0.11,0.06,0.21,0.23,0.21,-0.31,-0.51,-0.14,-0.08,-0.44,-0.02,0.37,0.01,0.78,-0.56,-0.63,-0.53,-1.17,-0.94,-0.38
1988,3,23859,0.16,0.1,0.18,0.09,-0.03,0.17,0.22,0.37,0.19,0.47,0.47,0.47,-0.11,-0.19,-0.05,0.1,0.39,0.05,-0.06,0.25,-0.41,0.21,0.46,0.09,-0.75,-0.77,-0.22
1988,4,23860,0.03,0.06,0.01,-0.15,-0.02,-0.23,0.2,0.24,0.19,0.09,0.23,0.05,-0.27,-0.08,-0.44,0.25,0.23,0.26,-1.21,-0.95,-1.5,0.45,0.24,0.55,0.15,0.02,0.13
1988,5,23861,0.09,0.1,0.08,0.13,0.06,0.17,0.05,0.19,0.02,0.18,0.24,0.17,0.09,-0.01,0.18,-0.02,0.21,-0.06,0.21,-0.01,0.47,0.2,0.78,-0.08,0,0.08,0.69
1988,6,23862,0.08,0.25,0.02,0.14,0.27,0.06,0.03,0.19,-0.01,-0.15,-0.07,-0.17,0.28,0.35,0.22,0.13,0.43,0.07,0.37,0.18,0.59,0.4,1.14,0.04,1.26,1.12,0.63
1988,7,23863,0.16,0.29,0.1,0.2,0.38,0.09,0.11,0.08,0.12,-0.03,-0.01,-0.03,0.33,0.5,0.19,0.17,0.12,0.18,0.48,0.65,0.28,0.21,-0.3,0.45,0.3,0.26,0.66
1988,8,23864,0.06,0.25,-0.01,0.18,0.24,0.15,-0.06,0.29,-0.13,0.01,0.1,-0.02,0.3,0.32,0.28,-0.12,0.3,-0.19,0.17,0.09,0.27,0.79,0.88,0.75,0.58,0.5,-0.72
1988,9,23865,0.2,0.44,0.11,0.19,0.41,0.04,0.22,0.52,0.16,0.03,0.11,0,0.28,0.52,0.07,0.31,0.74,0.23,0.37,0.74,-0.06,0.89,1.13,0.77,0.57,0.29,0.55
1988,10,23866,-0.06,0.22,-0.16,0,0.12,-0.07,-0.12,0.44,-0.23,-0.15,0.04,-0.2,0.06,0.15,-0.03,-0.07,0.71,-0.21,0.02,0.25,-0.25,0.87,1.6,0.53,-0.34,-0.34,1.27
1988,11,23867,-0.13,-0.17,-0.12,-0.2,-0.13,-0.25,-0.06,-0.24,-0.03,-0.36,-0.24,-0.4,-0.15,-0.12,-0.18,0.12,-0.19,0.18,-0.53,-0.18,-0.94,-0.07,-0.21,-0.01,-0.28,-0.52,-0.2
1988,12,23868,-0.21,-0.03,-0.28,-0.27,0.07,-0.49,-0.15,-0.24,-0.13,-0.68,-0.42,-0.76,-0.05,0.19,-0.27,0.13,-0.1,0.17,-0.02,0.5,-0.61,0.31,-0.3,0.6,-0.12,-0.08,0.45
1989,1,23869,-0.4,-0.54,-0.35,-0.48,-0.48,-0.48,-0.32,-0.68,-0.24,-0.57,-0.5,-0.6,-0.43,-0.48,-0.38,-0.19,-0.77,-0.09,-1.98,-1.98,-1.97,-0.35,-0.58,-0.25,0.64,-0.27,-1.16
1989,2,23870,-0.27,-0.47,-0.19,-0.31,-0.52,-0.18,-0.23,-0.34,-0.2,-0.71,-0.63,-0.73,-0.08,-0.47,0.28,0,-0.19,0.03,-0.01,0.29,-0.37,-0.02,-0.14,0.04,-0.8,0.15,-0.48
1989,3,23871,-0.31,-0.18,-0.37,-0.33,-0.08,-0.5,-0.29,-0.4,-0.27,-0.74,-0.75,-0.74,-0.06,0.12,-0.23,-0.11,-0.23,-0.09,-0.28,0.12,-0.75,-0.19,-0.36,-0.1,0.92,1.02,-0.1
1989,4,23872,-0.2,-0.22,-0.19,-0.21,-0.23,-0.2,-0.19,-0.19,-0.19,-0.48,-0.38,-0.51,-0.05,-0.21,0.08,-0.05,0,-0.06,0.53,0.35,0.74,-0.18,-0.07,-0.24,0.37,0.68,0.49
1989,5,23873,-0.31,-0.4,-0.27,-0.32,-0.28,-0.35,-0.29,-0.68,-0.21,-0.52,-0.57,-0.51,-0.21,-0.2,-0.22,-0.18,-0.78,-0.07,-0.51,-0.36,-0.69,-1.28,-2.46,-0.72,-0.2,-0.19,0.57
1989,6,23874,-0.27,-0.43,-0.21,-0.29,-0.28,-0.3,-0.26,-0.76,-0.15,-0.5,-0.36,-0.53,-0.21,-0.27,-0.16,-0.1,-1.01,0.06,-0.16,-0.09,-0.23,-0.95,-2.14,-0.38,-0.39,-0.36,-0.35
1989,7,23875,-0.18,-0.23,-0.16,-0.15,-0.05,-0.22,-0.21,-0.65,-0.12,-0.37,-0.4,-0.36,-0.07,0.02,-0.15,-0.1,-0.75,0.02,0.02,0.14,-0.11,0.09,-0.54,0.38,0.14,0.23,-1.23
1989,8,23876,-0.17,-0.26,-0.14,-0.18,-0.25,-0.14,-0.17,-0.29,-0.14,-0.34,-0.39,-0.33,-0.11,-0.22,-0.01,-0.06,-0.18,-0.04,0.07,-0.01,0.16,0.33,0.39,0.31,-0.78,-0.47,-1.47
1989,9,23877,-0.04,0.05,-0.08,0.02,0.08,-0.02,-0.1,0,-0.12,-0.26,-0.18,-0.28,0.16,0.14,0.19,-0.01,0.16,-0.04,0.13,0.12,0.14,0.61,1.11,0.38,0.12,0.41,0.07
1989,10,23878,-0.12,0,-0.17,-0.08,0,-0.13,-0.17,0,-0.2,-0.25,-0.26,-0.24,0,0.07,-0.06,-0.12,0.21,-0.17,-0.19,-0.18,-0.2,0.35,0.76,0.15,-0.08,-0.06,0.22
1989,11,23879,-0.17,-0.45,-0.06,-0.28,-0.53,-0.12,-0.06,-0.28,-0.01,-0.05,0,-0.07,-0.41,-0.65,-0.19,-0.05,-0.54,0.04,-0.75,-0.69,-0.81,-0.42,-0.78,-0.25,-0.13,-0.51,-0.7
1989,12,23880,-0.06,-0.09,-0.04,-0.37,-0.37,-0.37,0.26,0.54,0.2,-0.29,-0.3,-0.29,-0.42,-0.36,-0.48,0.56,1.1,0.47,0.19,0.43,-0.09,1.41,2.23,1.02,-1.98,-1.6,0.03
1990,1,23881,-0.1,-0.21,-0.05,-0.2,-0.35,-0.1,0.01,0.12,-0.02,-0.2,-0.13,-0.22,-0.22,-0.42,-0.04,0.13,0.33,0.1,-0.66,-1.34,0.11,0.64,0.65,0.64,1.04,0.6,0.41
1990,2,23882,-0.2,-0.26,-0.18,-0.2,-0.14,-0.24,-0.21,-0.53,-0.14,-0.31,-0.42,-0.27,-0.1,-0.01,-0.19,-0.19,-0.77,-0.09,-1.23,-1.32,-1.12,-0.28,-0.14,-0.34,0.24,-0.49,-1.94
1990,3,23883,0.06,0.28,-0.03,0.21,0.48,0.03,-0.08,-0.16,-0.07,-0.16,-0.26,-0.13,0.4,0.72,0.11,-0.05,-0.25,-0.01,0.15,0.68,-0.46,-0.63,-0.62,-0.64,0.82,1.02,0.75
1990,4,23884,-0.08,-0.17,-0.05,-0.17,-0.27,-0.11,0.01,0.07,0,-0.02,0.04,-0.04,-0.25,-0.35,-0.16,0.02,0.08,0.01,-0.01,0.18,-0.23,0.42,0.68,0.3,0.15,0.59,-0.14
1990,5,23885,0.08,0.05,0.1,0.04,-0.03,0.08,0.13,0.23,0.11,0.03,0,0.04,0.04,-0.04,0.11,0.19,0.43,0.15,0.01,-0.08,0.11,0.57,0.97,0.38,-0.88,-0.55,0.54
1990,6,23886,0.1,0.06,0.12,0.14,0.2,0.1,0.07,-0.23,0.13,0.06,0.03,0.07,0.18,0.23,0.13,0.07,-0.41,0.16,0.13,0.11,0.15,-0.67,-1.04,-0.49,0.71,0.67,0.28
1990,7,23887,0.02,0.01,0.03,-0.03,-0.07,-0.01,0.07,0.18,0.05,-0.17,-0.25,-0.14,0.03,-0.04,0.09,0.21,0.55,0.15,0.1,0,0.22,1.84,2.43,1.56,-0.31,-0.23,-0.33
1990,8,23888,-0.05,-0.19,0.01,-0.05,-0.13,0,-0.05,-0.34,0.01,-0.08,-0.18,-0.05,-0.07,-0.16,0.02,0,-0.3,0.06,-0.01,-0.15,0.16,-0.56,-0.8,-0.45,-0.42,-0.18,0.05
1990,9,23889,-0.11,-0.26,-0.06,-0.11,-0.11,-0.1,-0.12,-0.58,-0.02,-0.1,-0.22,-0.07,-0.13,-0.13,-0.12,-0.11,-0.71,-0.01,-0.4,-0.75,0.01,-0.43,-0.99,-0.17,0.73,0.63,-0.57
1990,10,23890,0.02,0.03,0.02,0.06,-0.05,0.13,-0.02,0.22,-0.07,0.01,0.04,0,0.07,-0.08,0.2,-0.02,0.38,-0.09,-0.72,-0.85,-0.58,-0.09,0.48,-0.36,0.35,0.08,0
1990,11,23891,0.25,0.35,0.21,0.26,0.27,0.26,0.24,0.52,0.18,0.12,0.14,0.12,0.32,0.29,0.35,0.32,0.84,0.22,-1.34,-1.57,-1.09,0.31,0.66,0.15,1.59,0.91,1.14
1990,12,23892,0.16,0.22,0.13,0.19,0.15,0.22,0.12,0.38,0.06,0.07,0.11,0.06,0.24,0.12,0.34,0.17,0.7,0.07,-0.8,-0.54,-1.1,0.58,1.01,0.38,-0.18,-0.2,0.54
1991,1,23893,0.03,-0.19,0.11,-0.06,-0.3,0.09,0.11,0.05,0.13,0.2,0.14,0.22,-0.21,-0.42,-0.02,0.07,0.01,0.08,-0.13,-0.04,-0.24,-0.33,-0.27,-0.36,-0.87,-0.55,0.45
1991,2,23894,0.08,0.17,0.04,0.05,-0.03,0.1,0.11,0.64,0,0.17,0.17,0.16,-0.01,-0.08,0.04,0.08,0.96,-0.07,0.14,0.05,0.26,0.63,1.32,0.3,1.69,1.42,1.34
1991,3,23895,0.23,0.06,0.3,0.26,0.08,0.38,0.2,0.02,0.24,0.19,0.14,0.2,0.29,0.05,0.5,0.22,-0.03,0.27,0.16,-0.15,0.52,-0.21,-0.2,-0.21,-0.29,-0.12,0.12
1991,4,23896,-0.01,0.14,-0.06,-0.02,0.08,-0.08,0,0.28,-0.05,-0.01,-0.14,0.03,-0.03,0.11,-0.16,0.02,0.67,-0.1,-0.19,0.38,-0.85,0.79,1.5,0.46,-0.07,-0.07,-0.24
1991,5,23897,0.12,0.08,0.13,0.18,0.11,0.23,0.06,0.02,0.06,0.17,0,0.22,0.2,0.13,0.26,-0.02,0.05,-0.03,0.42,0.51,0.31,0,-0.47,0.22,0.68,0.62,-0.31
1991,6,23898,0.31,0.39,0.28,0.25,0.3,0.22,0.38,0.6,0.33,0.35,0.33,0.35,0.2,0.27,0.13,0.4,0.86,0.31,0.24,0.46,-0.02,1.09,1.76,0.78,-0.08,0.04,1.12
1991,7,23899,0.14,0.28,0.09,0.14,0.18,0.12,0.14,0.5,0.06,0.07,0,0.1,0.18,0.22,0.14,0.17,0.91,0.04,0.63,0.56,0.71,1.33,2.21,0.91,-0.12,-0.27,0.31
1991,8,23900,0.15,0.24,0.12,0.15,0.15,0.15,0.15,0.44,0.09,-0.06,-0.17,-0.03,0.26,0.24,0.27,0.27,0.89,0.16,0.34,0.3,0.39,1.07,1.89,0.68,-0.08,-0.12,0.24
1991,9,23901,-0.05,0.02,-0.08,0.02,0.04,0,-0.12,-0.05,-0.14,0.03,-0.06,0.05,-0.01,0.03,-0.05,-0.18,0.1,-0.22,0.3,0.25,0.37,0.19,0.36,0.11,-0.03,0.12,-0.3
1991,10,23902,-0.21,-0.2,-0.21,-0.16,-0.23,-0.12,-0.25,-0.12,-0.28,-0.48,-0.55,-0.45,0.01,-0.15,0.14,-0.14,0.2,-0.2,-0.28,-0.22,-0.34,0.53,0.3,0.64,0.06,0.19,0.62
1991,11,23903,-0.27,-0.21,-0.29,-0.16,-0.17,-0.16,-0.38,-0.31,-0.39,-0.34,-0.41,-0.32,-0.08,-0.1,-0.07,-0.38,-0.23,-0.41,-0.17,0.28,-0.69,-0.02,-0.01,-0.03,-0.85,-0.62,-0.19
1991,12,23904,-0.28,-0.23,-0.29,-0.26,-0.32,-0.22,-0.29,-0.04,-0.35,-0.22,-0.29,-0.2,-0.28,-0.31,-0.25,-0.34,0.08,-0.41,-0.71,-0.78,-0.63,1.12,1.89,0.75,1.04,0.61,-1.31
1992,1,23905,-0.19,-0.15,-0.21,-0.21,-0.19,-0.22,-0.18,-0.08,-0.2,-0.25,-0.4,-0.2,-0.16,-0.04,-0.27,-0.17,-0.12,-0.18,0.11,0.18,0.03,0.42,0.42,0.42,0.44,0.38,-1.18
1992,2,23906,-0.23,-0.2,-0.25,-0.18,-0.27,-0.12,-0.28,-0.03,-0.34,-0.03,-0.21,0.02,-0.26,-0.26,-0.27,-0.41,0.02,-0.49,-0.14,0.13,-0.45,0.16,0.21,0.14,0.8,0.64,-0.02
1992,3,23907,-0.14,-0.21,-0.12,-0.19,-0.3,-0.11,-0.1,0,-0.12,0.09,0.04,0.1,-0.36,-0.39,-0.33,-0.17,-0.04,-0.2,0.02,0.16,-0.13,0.01,-0.05,0.04,-0.22,-0.36,0.1
1992,4,23908,-0.27,-0.42,-0.21,-0.36,-0.54,-0.24,-0.18,-0.14,-0.19,0.09,0.1,0.08,-0.61,-0.7,-0.53,-0.31,-0.36,-0.3,-1.25,-1.33,-1.17,0.09,-0.17,0.22,0.57,0.32,-0.44
1992,5,23909,-0.23,-0.4,-0.17,-0.45,-0.64,-0.33,-0.01,0.15,-0.05,-0.04,0.05,-0.07,-0.65,-0.79,-0.53,-0.02,0.11,-0.05,-1.28,-1.25,-1.32,0.77,0.81,0.75,0.18,-0.15,-0.21
1992,6,23910,-0.21,-0.37,-0.14,-0.4,-0.62,-0.26,-0.01,0.18,-0.05,0.03,0.03,0.03,-0.64,-0.79,-0.51,-0.03,0.3,-0.08,-0.86,-1.07,-0.61,0.63,0.82,0.54,-0.57,-0.47,-0.19
1992,7,23911,-0.37,-0.61,-0.28,-0.6,-0.8,-0.47,-0.14,-0.18,-0.13,-0.35,-0.44,-0.32,-0.73,-0.9,-0.57,-0.04,0.04,-0.05,-1.03,-1.02,-1.03,0.44,0.37,0.48,-1.23,-1.04,0.17
1992,8,23912,-0.45,-0.59,-0.39,-0.54,-0.62,-0.48,-0.36,-0.53,-0.33,-0.31,-0.47,-0.26,-0.68,-0.68,-0.68,-0.37,-0.52,-0.34,-1.06,-0.74,-1.42,0.1,0.1,0.1,-1.28,-1.14,-0.5
1992,9,23913,-0.43,-0.81,-0.28,-0.47,-0.73,-0.3,-0.39,-0.98,-0.26,-0.35,-0.47,-0.32,-0.55,-0.81,-0.32,-0.38,-1.33,-0.21,-0.87,-1.08,-0.64,-1.09,-2.18,-0.58,-0.11,-0.69,-0.8
1992,10,23914,-0.24,-0.36,-0.19,-0.35,-0.37,-0.33,-0.13,-0.32,-0.09,-0.25,-0.24,-0.25,-0.41,-0.4,-0.43,-0.05,-0.39,0.01,-0.77,-0.55,-1.03,-0.1,-0.22,-0.04,0.02,-0.12,-0.98
1992,11,23915,-0.27,-0.46,-0.19,-0.27,-0.4,-0.19,-0.27,-0.6,-0.2,-0.44,-0.59,-0.39,-0.16,-0.31,-0.02,-0.2,-0.72,-0.11,-0.72,-0.74,-0.69,-0.02,-0.32,0.12,-1.2,-0.96,-1.14
1992,12,23916,-0.33,-0.36,-0.32,-0.28,-0.28,-0.28,-0.38,-0.54,-0.34,-0.32,-0.34,-0.32,-0.27,-0.24,-0.29,-0.39,-0.76,-0.33,-0.6,-0.33,-0.91,-0.08,-0.96,0.34,-0.02,-0.19,-0.93
1993,1,23917,-0.35,-0.31,-0.37,-0.35,-0.34,-0.36,-0.35,-0.25,-0.37,-0.38,-0.57,-0.33,-0.33,-0.27,-0.38,-0.33,0,-0.39,-0.96,-0.47,-1.53,0.42,0.35,0.45,-0.19,-0.36,-0.46
1993,2,23918,-0.28,-0.31,-0.27,-0.23,-0.22,-0.24,-0.32,-0.5,-0.29,-0.47,-0.66,-0.41,-0.1,-0.09,-0.11,-0.26,-0.44,-0.23,0.43,0.57,0.26,-0.02,-0.33,0.13,-1.14,-0.66,-0.53
1993,3,23919,-0.43,-0.4,-0.44,-0.4,-0.34,-0.44,-0.46,-0.52,-0.45,-0.41,-0.49,-0.39,-0.4,-0.31,-0.48,-0.48,-0.52,-0.48,-0.72,-0.26,-1.24,-0.39,-0.77,-0.2,-0.56,-0.38,-0.51
1993,4,23920,-0.34,-0.54,-0.26,-0.51,-0.67,-0.41,-0.17,-0.25,-0.15,-0.18,-0.34,-0.13,-0.67,-0.74,-0.61,-0.18,-0.24,-0.17,-0.47,-0.52,-0.4,-0.25,-0.73,-0.02,-1.04,-0.74,0.18
1993,5,23921,-0.2,-0.36,-0.14,-0.27,-0.3,-0.25,-0.13,-0.51,-0.06,-0.06,-0.05,-0.07,-0.37,-0.35,-0.38,-0.19,-0.9,-0.06,0.26,-0.05,0.62,-0.7,-1.73,-0.22,-0.03,0.18,-0.47
1993,6,23922,-0.07,-0.29,0.01,-0.18,-0.34,-0.07,0.03,-0.18,0.07,0.07,-0.03,0.1,-0.31,-0.42,-0.21,0.01,-0.28,0.06,-0.25,-0.45,-0.02,-0.21,-1.23,0.27,-0.63,-0.59,0.01
1993,7,23923,-0.06,-0.2,0,-0.13,-0.19,-0.09,0.02,-0.22,0.07,0.02,-0.05,0.04,-0.2,-0.23,-0.17,0,-0.34,0.07,0.05,0.11,-0.01,-0.3,-0.88,-0.02,-0.54,-0.3,0.5
1993,8,23924,-0.18,-0.36,-0.12,-0.26,-0.37,-0.19,-0.11,-0.34,-0.06,-0.17,-0.26,-0.15,-0.32,-0.44,-0.2,-0.07,-0.25,-0.03,-0.39,-0.41,-0.36,0.3,-0.35,0.6,-0.45,-0.38,0.01
1993,9,23925,-0.33,-0.51,-0.26,-0.44,-0.5,-0.4,-0.22,-0.54,-0.15,-0.25,-0.3,-0.24,-0.53,-0.59,-0.48,-0.21,-0.61,-0.14,-0.87,-0.86,-0.88,-0.3,-0.78,-0.07,-0.79,-0.69,-0.85
1993,10,23926,-0.11,-0.25,-0.05,-0.2,-0.33,-0.12,-0.01,-0.07,0,0.04,-0.04,0.06,-0.32,-0.41,-0.24,-0.04,-0.08,-0.04,-0.42,-0.28,-0.58,-0.03,-0.35,0.12,-0.58,-0.19,-0.26
1993,11,23927,-0.12,-0.43,0,-0.23,-0.59,0.01,-0.02,-0.07,-0.01,0.15,0.11,0.16,-0.43,-0.8,-0.1,-0.1,-0.14,-0.1,-0.47,-0.85,-0.03,-0.01,-0.52,0.23,-0.96,-0.75,0.1
1993,12,23928,0.05,0.01,0.07,0.07,0.08,0.06,0.04,-0.16,0.08,0.27,0.2,0.29,-0.03,0.05,-0.1,-0.1,-0.45,-0.04,-1.06,-0.85,-1.3,-0.71,-1.16,-0.5,-0.07,0.03,-0.16
1994,1,23929,-0.11,-0.22,-0.07,-0.12,-0.23,-0.05,-0.11,-0.22,-0.09,0.02,0.04,0.01,-0.18,-0.32,-0.05,-0.18,-0.35,-0.16,-0.71,-0.97,-0.41,-0.64,-0.71,-0.61,-0.93,-0.59,0.05
1994,2,23930,-0.2,-0.73,0.01,-0.24,-0.78,0.1,-0.15,-0.61,-0.06,-0.08,-0.18,-0.05,-0.33,-0.96,0.23,-0.18,-0.87,-0.06,-0.43,-0.98,0.2,-0.82,-1.33,-0.58,-0.88,-0.73,-0.34
1994,3,23931,-0.19,-0.26,-0.16,-0.17,-0.12,-0.21,-0.21,-0.6,-0.13,-0.16,-0.24,-0.13,-0.16,-0.09,-0.22,-0.26,-0.85,-0.16,-0.77,-0.44,-1.14,-0.41,-1.19,-0.05,0.52,0.26,-0.95
1994,4,23932,-0.15,-0.1,-0.17,-0.14,-0.12,-0.15,-0.17,-0.06,-0.19,-0.11,-0.2,-0.09,-0.15,-0.1,-0.19,-0.2,0.05,-0.25,0.13,0.15,0.11,-0.01,0.15,-0.09,0.49,0.43,-0.38
1994,5,23933,-0.09,-0.07,-0.1,0.04,0.07,0.03,-0.23,-0.39,-0.2,-0.05,-0.16,-0.02,0.1,0.13,0.07,-0.34,-0.57,-0.29,-0.21,0.18,-0.65,-0.68,-1.59,-0.25,0.21,0.1,-0.06
1994,6,23934,0.07,0.24,0.01,0.1,0.22,0.02,0.05,0.28,0,-0.06,-0.2,-0.01,0.15,0.31,0.01,0.13,0.69,0.03,-0.42,-0.28,-0.58,0.62,1.72,0.1,0.89,0.66,-0.09
1994,7,23935,0.04,0.08,0.02,0.06,0.09,0.04,0.02,0.06,0.01,-0.03,-0.19,0.01,0.09,0.15,0.04,0.06,0.29,0.02,0.13,0.42,-0.2,0.29,0.71,0.09,-0.39,-0.31,0.38
1994,8,23936,-0.06,-0.06,-0.06,-0.05,0.05,-0.12,-0.06,-0.31,-0.01,-0.11,-0.16,-0.1,-0.02,0.12,-0.16,-0.04,-0.5,0.04,-0.01,0.4,-0.47,-0.99,-1.35,-0.82,-0.13,0.18,-0.36
1994,9,23937,0.02,0.05,0.01,0.01,0,0.01,0.03,0.15,0,0.07,-0.05,0.11,-0.01,0.03,-0.05,-0.01,0.25,-0.05,-0.22,0.19,-0.69,0.45,0.45,0.45,-0.28,-0.3,-0.58
1994,10,23938,-0.22,-0.12,-0.27,-0.06,-0.06,-0.06,-0.39,-0.25,-0.41,-0.2,-0.25,-0.18,0.02,0.01,0.03,-0.49,-0.3,-0.53,-0.08,0.28,-0.5,-0.05,0.09,-0.12,-0.12,-0.25,-0.71
1994,11,23939,0.05,0.17,0.01,0.17,0.17,0.17,-0.06,0.17,-0.11,0.01,0.02,0.01,0.26,0.24,0.28,-0.11,0.19,-0.16,-0.72,-0.82,-0.6,0.56,0.32,0.67,0.17,-0.13,-0.23
1994,12,23940,0.08,0.08,0.08,0.15,0.09,0.19,0.01,0.05,0,0.26,0.1,0.3,0.08,0.11,0.06,-0.11,-0.04,-0.12,-0.41,-0.26,-0.57,-0.25,-0.82,0.01,1.56,1.19,0.13
1995,1,23941,0.05,0.13,0.01,0.2,0.33,0.13,-0.11,-0.31,-0.07,0.16,0.06,0.19,0.22,0.41,0.05,-0.24,-0.64,-0.17,0.63,1.07,0.13,-0.73,-1.38,-0.42,-0.19,0.01,-0.4
1995,2,23942,-0.02,0.18,-0.1,0.09,0.36,-0.09,-0.12,-0.22,-0.1,0,-0.23,0.07,0.14,0.53,-0.21,-0.2,-0.25,-0.19,0.58,1.13,-0.04,-0.2,-0.22,-0.19,0.38,0.4,-0.44
1995,3,23943,-0.07,-0.08,-0.06,-0.09,-0.09,-0.09,-0.04,-0.05,-0.04,0.08,-0.02,0.11,-0.18,-0.09,-0.26,-0.1,-0.12,-0.1,-0.61,-0.35,-0.92,0.02,-0.06,0.06,0.61,0.28,0.13
1995,4,23944,0.14,0.03,0.18,0.16,-0.01,0.27,0.12,0.13,0.12,0.27,0.26,0.28,0.08,-0.08,0.23,0.05,0.02,0.06,1.39,1.29,1.5,0.3,0.15,0.36,-1,-0.55,-0.23
1995,5,23945,0.05,-0.08,0.1,0.07,-0.07,0.17,0.03,-0.12,0.06,0.12,0.1,0.13,0.05,-0.11,0.2,-0.02,-0.28,0.02,0.4,0.38,0.42,-0.57,-1.1,-0.31,-0.92,-0.5,0.02
1995,6,23946,0.14,0.21,0.11,0.24,0.29,0.2,0.04,0.03,0.04,0.36,0.43,0.34,0.16,0.24,0.08,-0.12,-0.21,-0.11,0.2,0.23,0.18,0.01,-0.58,0.29,-0.6,-0.51,-0.29
1995,7,23947,0.07,0.32,-0.03,0.08,0.1,0.07,0.05,0.84,-0.11,0.15,0.34,0.09,0.07,0.07,0.07,-0.02,1.1,-0.22,-0.11,-0.27,0.07,1.17,2.6,0.5,-0.17,-0.07,-0.14
1995,8,23948,0.28,0.51,0.18,0.32,0.42,0.25,0.24,0.71,0.14,0.3,0.42,0.26,0.36,0.47,0.27,0.17,0.78,0.06,0.58,0.59,0.58,0.47,0.81,0.31,1.47,1.15,0.88
1995,9,23949,0.22,0.18,0.24,0.27,0.17,0.34,0.17,0.19,0.16,0.27,0.33,0.25,0.29,0.15,0.41,0.1,0.03,0.12,0.61,0.59,0.62,-0.44,-1.02,-0.16,-0.12,0.3,0.59
1995,10,23950,0.09,0.14,0.06,0.05,0.14,-0.02,0.12,0.13,0.12,0.12,0.21,0.09,0.03,0.15,-0.08,0.11,-0.01,0.13,-0.82,-0.58,-1.09,0.29,-0.09,0.46,0.27,0.19,0.48
1995,11,23951,0.08,0.28,0,0.28,0.37,0.22,-0.11,0.09,-0.15,0,0.12,-0.04,0.39,0.43,0.36,-0.14,0.06,-0.18,1.1,1.06,1.14,-0.35,-0.13,-0.45,-0.31,-0.19,0.13
1995,12,23952,-0.18,-0.37,-0.11,-0.37,-0.51,-0.28,0.01,-0.06,0.02,-0.2,-0.26,-0.18,-0.46,-0.53,-0.39,0.12,-0.03,0.14,-0.47,-0.5,-0.43,-0.14,-0.46,0.01,0.06,0.01,0.37
1996,1,23953,-0.15,-0.41,-0.05,-0.16,-0.43,0.01,-0.14,-0.35,-0.1,-0.26,-0.09,-0.31,-0.13,-0.55,0.24,-0.06,-0.48,0.02,0.68,0.08,1.38,-0.38,-0.6,-0.28,-0.63,-0.7,-0.24
1996,2,23954,0.01,0.01,0.01,-0.01,0.04,-0.04,0.03,-0.04,0.04,-0.05,0.08,-0.09,0.02,0.01,0.03,0.07,-0.07,0.09,0.11,0.22,-0.02,0.13,0.36,0.03,0.46,0.29,-0.27
1996,3,23955,0.05,-0.22,0.15,-0.03,-0.34,0.17,0.12,0.04,0.14,0.09,0.14,0.08,-0.07,-0.47,0.28,0.12,-0.03,0.15,1,0.67,1.39,0.16,-0.04,0.26,-1.15,-0.56,0.21
1996,4,23956,-0.08,-0.25,-0.02,-0.31,-0.53,-0.18,0.14,0.38,0.1,-0.05,-0.03,-0.06,-0.44,-0.65,-0.26,0.24,0.66,0.17,0.11,-0.21,0.48,0.73,1.27,0.48,-0.44,-0.4,0.5
1996,5,23957,-0.1,-0.14,-0.09,-0.1,-0.01,-0.16,-0.1,-0.45,-0.03,-0.04,-0.03,-0.04,-0.15,-0.01,-0.28,-0.12,-0.73,-0.01,-0.49,-0.4,-0.58,-1.06,-1.97,-0.64,0.34,0.41,0.2
1996,6,23958,-0.07,-0.06,-0.07,-0.04,-0.01,-0.06,-0.09,-0.16,-0.08,0.06,0.06,0.06,-0.09,-0.02,-0.16,-0.18,-0.35,-0.15,-0.51,-0.33,-0.73,-0.02,-0.61,0.26,0.54,0.39,0.18
1996,7,23959,0.03,0.06,0.02,0.02,0.05,0,0.03,0.06,0.03,0.08,0.05,0.1,-0.01,0.04,-0.06,0.01,0.12,-0.01,-0.43,-0.13,-0.77,0.32,0.61,0.18,0.01,-0.07,0.2
1996,8,23960,0.08,0.1,0.07,-0.15,-0.28,-0.08,0.31,0.95,0.18,-0.04,0.05,-0.07,-0.2,-0.35,-0.07,0.49,1.58,0.3,-0.78,-1.05,-0.47,2.37,3.51,1.84,-0.1,-0.25,-0.05
1996,9,23961,0.15,-0.02,0.21,-0.11,-0.31,0.02,0.4,0.64,0.35,0.19,0.16,0.2,-0.27,-0.44,-0.12,0.51,1.01,0.42,-0.1,-0.44,0.28,1.41,2.15,1.06,-0.91,-0.98,0.64
1996,10,23962,0.05,-0.04,0.09,-0.05,-0.15,0.02,0.15,0.2,0.14,0.05,0.04,0.05,-0.12,-0.2,-0.05,0.22,0.33,0.2,-0.26,-0.33,-0.18,0.24,0.16,0.28,0.02,-0.25,0.61
1996,11,23963,0.03,0.09,0,0.11,0.07,0.14,-0.06,0.14,-0.1,-0.12,-0.16,-0.11,0.24,0.14,0.34,-0.03,0.32,-0.1,1.22,1.23,1.21,0.73,0.94,0.63,-0.58,-0.11,-0.04
1996,12,23964,-0.08,-0.03,-0.1,-0.06,-0.08,-0.05,-0.11,0.07,-0.14,-0.18,-0.13,-0.2,0.03,-0.04,0.09,-0.09,0.15,-0.14,0.11,-0.18,0.44,0.08,0.3,-0.02,-0.04,-0.02,0.06
1997,1,23965,-0.15,-0.21,-0.13,-0.36,-0.25,-0.43,0.05,-0.1,0.09,-0.28,-0.26,-0.29,-0.38,-0.24,-0.51,0.21,-0.02,0.25,-0.52,-0.35,-0.71,-0.14,-0.14,-0.14,-0.41,-0.43,-0.3
1997,2,23966,-0.08,-0.18,-0.05,-0.15,-0.25,-0.08,-0.02,-0.03,-0.02,-0.31,-0.35,-0.3,-0.08,-0.21,0.04,0.15,0.19,0.14,-0.72,-0.48,-0.99,-0.24,-0.43,-0.14,0.09,0.29,1.38
1997,3,23967,-0.13,-0.18,-0.11,-0.17,-0.23,-0.13,-0.1,-0.08,-0.1,-0.26,-0.21,-0.28,-0.1,-0.19,-0.02,-0.03,-0.11,-0.02,0.07,-0.12,0.29,0.37,0.1,0.5,0.96,0.54,-0.04
1997,4,23968,-0.26,-0.31,-0.25,-0.25,-0.25,-0.25,-0.27,-0.44,-0.24,-0.35,-0.51,-0.3,-0.2,-0.16,-0.24,-0.24,-0.47,-0.2,0.45,1.04,-0.22,-0.32,-0.67,-0.16,-1.68,-1.32,-0.55
1997,5,23969,-0.1,-0.36,0.01,-0.19,-0.31,-0.11,-0.01,-0.47,0.09,-0.12,-0.37,-0.04,-0.23,-0.31,-0.16,0.05,-0.52,0.16,-0.25,-0.35,-0.12,-0.41,-1.07,-0.1,-0.57,-0.38,-0.13
1997,6,23970,-0.03,-0.01,-0.03,-0.07,-0.02,-0.1,0.01,0.01,0.02,0.01,0.06,0,-0.13,-0.05,-0.2,0.03,-0.02,0.04,0.05,0.02,0.09,0.7,0.88,0.62,-0.12,-0.02,-1.08
1997,7,23971,0.09,-0.04,0.14,0.12,0.01,0.2,0.05,-0.15,0.1,0.46,0.41,0.48,-0.05,-0.1,0,-0.17,-0.56,-0.1,-0.2,-0.33,-0.04,-0.77,-1.93,-0.22,-0.14,-0.08,-0.44
1997,8,23972,0.09,0.01,0.12,0.17,0.16,0.18,0,-0.31,0.07,0.31,0.22,0.33,0.09,0.11,0.08,-0.15,-0.63,-0.07,0.07,0.26,-0.14,-0.71,-1.41,-0.38,-0.15,0.05,-0.42
1997,9,23973,0.06,0.04,0.06,0.18,0.05,0.27,-0.07,0.02,-0.08,0.45,0.54,0.42,0.07,-0.07,0.19,-0.36,-0.41,-0.35,0.59,0.43,0.78,-0.9,-1.27,-0.73,0.98,1.01,-0.36
1997,10,23974,0.1,0.07,0.12,0.11,0.06,0.14,0.1,0.08,0.1,0.33,0.32,0.33,0.01,0.01,0.02,-0.05,-0.17,-0.03,0.31,0.49,0.11,0.08,-0.01,0.12,-0.3,-0.47,-0.33
1997,11,23975,0.09,0.02,0.12,-0.03,-0.23,0.1,0.21,0.57,0.13,0.34,0.34,0.34,-0.17,-0.36,0,0.09,0.7,-0.02,-0.11,-0.41,0.23,1.06,1.74,0.74,-1.11,-0.81,-0.21
1997,12,23976,0.25,0.17,0.28,0.2,-0.02,0.34,0.3,0.6,0.24,0.72,0.52,0.78,-0.07,-0.18,0.02,0.08,0.72,-0.03,-0.53,-0.69,-0.35,0.32,0.82,0.09,-0.33,-0.59,0.67
1998,1,23977,0.48,0.17,0.6,0.37,0.01,0.61,0.58,0.52,0.6,1.14,0.97,1.18,-0.04,-0.24,0.13,0.31,0.18,0.33,0.25,0.21,0.29,-0.15,-0.54,0.04,0.29,0.31,0.73
1998,2,23978,0.65,0.83,0.58,0.66,0.79,0.58,0.65,0.95,0.58,1.28,1.22,1.3,0.31,0.69,-0.04,0.34,0.67,0.28,-1.17,-0.83,-1.55,0.74,0.69,0.76,0.29,0.34,0.64
1998,3,23979,0.47,0.19,0.59,0.49,0.12,0.73,0.46,0.34,0.48,1.13,1.04,1.16,0.14,-0.1,0.35,0.12,-0.27,0.18,-0.01,-0.1,0.09,-0.72,-1.22,-0.48,-0.6,-0.11,0.55
1998,4,23980,0.74,0.63,0.78,0.85,0.76,0.91,0.64,0.36,0.69,1.18,1.32,1.14,0.68,0.6,0.75,0.34,-0.35,0.47,0.28,0.04,0.55,-0.61,-1.77,-0.06,-0.77,-0.52,0.63
1998,5,23981,0.64,0.72,0.62,0.58,0.62,0.55,0.71,0.93,0.66,0.98,1.03,0.96,0.41,0.51,0.33,0.52,0.84,0.46,0.1,0.14,0.06,0.84,0.46,1.02,0.72,0.63,1.56
1998,6,23982,0.57,0.67,0.54,0.6,0.65,0.56,0.55,0.71,0.52,0.63,0.66,0.62,0.6,0.66,0.56,0.49,0.7,0.45,0.75,1.12,0.32,0.71,0.63,0.75,-0.28,-0.2,0.36
1998,7,23983,0.51,0.64,0.46,0.65,0.79,0.55,0.38,0.29,0.39,0.46,0.64,0.41,0.76,0.87,0.67,0.31,-0.08,0.38,0.97,1.03,0.9,-0.62,-0.99,-0.44,0.88,0.78,0.05
1998,8,23984,0.52,0.62,0.47,0.49,0.61,0.41,0.54,0.66,0.52,0.46,0.6,0.42,0.52,0.64,0.41,0.57,0.61,0.57,0.55,0.62,0.46,0.38,0.51,0.32,0.65,0.38,1.08
1998,9,23985,0.44,0.42,0.45,0.51,0.55,0.49,0.37,0.13,0.42,0.36,0.39,0.35,0.6,0.6,0.59,0.37,-0.1,0.46,0.04,-0.3,0.43,0.07,-0.49,0.33,1.78,1.49,0.71
1998,10,23986,0.4,0.53,0.35,0.49,0.66,0.38,0.32,0.23,0.34,0.37,0.43,0.36,0.54,0.72,0.38,0.3,0.06,0.34,-0.24,-0.4,-0.05,-0.52,-0.7,-0.44,0.73,0.76,0.87
1998,11,23987,0.12,0.1,0.13,0.13,0.12,0.13,0.12,0.06,0.13,0.11,0.23,0.08,0.13,0.08,0.18,0.12,-0.02,0.15,0.38,-0.11,0.93,-0.47,-0.43,-0.49,0.81,0.96,0.66
1998,12,23988,0.25,0.34,0.21,0.24,0.49,0.08,0.25,0.01,0.3,0.02,0.18,-0.02,0.37,0.57,0.2,0.35,-0.1,0.43,0.11,-0.06,0.3,-0.41,-0.64,-0.3,0.96,0.7,0.49
1999,1,23989,0.06,0.24,-0.01,0.11,0.33,-0.03,0.01,0.01,0,-0.16,0.02,-0.22,0.28,0.41,0.16,0.08,0.03,0.08,-0.68,-0.69,-0.68,-0.8,-0.4,-0.98,0.64,0.18,1.03
1999,2,23990,0.17,0.53,0.02,0.19,0.73,-0.15,0.14,0.08,0.15,-0.25,0.03,-0.34,0.45,0.91,0.03,0.33,0.15,0.36,0.01,0.11,-0.1,0.03,-0.1,0.09,1.32,0.46,0.04
1999,3,23991,-0.08,-0.08,-0.08,-0.09,-0.13,-0.07,-0.07,0.03,-0.09,-0.18,0.04,-0.25,-0.02,-0.21,0.16,-0.04,0.16,-0.07,0.17,-0.37,0.78,-0.11,-0.33,-0.01,0.27,0.02,0.3
1999,4,23992,0.01,0.02,0.01,0.23,0.37,0.14,-0.21,-0.78,-0.1,-0.25,-0.18,-0.27,0.5,0.5,0.5,-0.21,-1.18,-0.04,0.23,0.13,0.34,-0.84,-2.03,-0.27,0.21,0.12,-0.91
1999,5,23993,-0.04,0.05,-0.07,0.05,0.2,-0.05,-0.12,-0.31,-0.08,-0.38,-0.29,-0.4,0.28,0.34,0.23,0.01,-0.33,0.06,0.28,0.18,0.4,-0.73,-1.3,-0.46,-0.16,-0.2,0.5
1999,6,23994,-0.15,0.03,-0.23,0.02,0.04,0.01,-0.33,-0.01,-0.4,-0.31,-0.11,-0.37,0.21,0.08,0.32,-0.35,0.07,-0.43,0.31,0.08,0.57,0.17,0.76,-0.11,-0.21,0.02,-0.36
1999,7,23995,-0.02,0.11,-0.07,0.03,0.15,-0.04,-0.08,0.02,-0.1,-0.23,-0.15,-0.25,0.19,0.25,0.14,-0.01,0.07,-0.03,0.04,-0.11,0.2,-0.25,-0.68,-0.05,0.44,0.45,0.91
1999,8,23996,-0.07,0.02,-0.11,-0.05,-0.02,-0.06,-0.1,0.13,-0.15,-0.23,-0.21,-0.24,0.07,0.04,0.09,-0.05,0.32,-0.11,-0.2,-0.53,0.18,-0.15,0.1,-0.27,0.28,0.34,0.39
1999,9,23997,0.05,0.22,-0.01,0.11,0.25,0.03,-0.01,0.15,-0.05,-0.24,-0.12,-0.27,0.3,0.34,0.27,0.1,0.35,0.06,0.52,0.3,0.78,0.33,0.52,0.24,-0.29,-0.24,0.33
1999,10,23998,-0.01,0.05,-0.04,-0.05,0.07,-0.13,0.03,0,0.03,-0.25,-0.24,-0.25,0.06,0.16,-0.03,0.17,0.15,0.17,-0.16,-0.12,-0.2,0.16,0.14,0.17,0.76,0.4,0.02
1999,11,23999,-0.07,-0.02,-0.08,0.08,0.22,-0.01,-0.21,-0.56,-0.14,-0.27,-0.21,-0.29,0.25,0.3,0.2,-0.16,-0.73,-0.06,0.1,-0.02,0.25,-0.32,-0.46,-0.25,1.98,1.5,-1.43
1999,12,24000,-0.04,0.1,-0.1,0.12,0.48,-0.11,-0.21,-0.76,-0.09,-0.29,-0.12,-0.34,0.36,0.65,0.09,-0.18,-1.26,0.01,-0.41,0.02,-0.9,-1.1,-2.32,-0.52,0.89,0.33,-0.59
2000,1,24001,-0.27,-0.37,-0.23,-0.26,-0.24,-0.28,-0.28,-0.67,-0.2,-0.29,-0.02,-0.37,-0.22,-0.32,-0.13,-0.3,-1.07,-0.16,-0.73,-0.75,-0.71,-1.4,-2.01,-1.11,0.28,0.02,-0.5
2000,2,24002,-0.07,0.02,-0.1,-0.08,0.15,-0.22,-0.06,-0.27,-0.01,-0.43,-0.41,-0.43,0.13,0.31,-0.02,0.11,-0.22,0.17,0.4,0.71,0.04,-0.23,-0.74,0.02,1.58,1.64,0.56
2000,3,24003,-0.01,0.02,-0.02,-0.04,0.16,-0.16,0.02,-0.3,0.08,-0.37,-0.23,-0.41,0.15,0.24,0.07,0.21,-0.29,0.3,0.45,0.42,0.47,-0.4,-0.95,-0.14,1.24,1.25,0.6
2000,4,24004,0.05,0.4,-0.08,0.19,0.63,-0.1,-0.08,-0.12,-0.07,-0.26,-0.18,-0.28,0.43,0.83,0.07,0.01,-0.02,0.01,0.56,0.95,0.11,-0.58,-0.36,-0.69,0.72,0.67,0.19
2000,5,24005,0.09,0.13,0.07,0.12,0.29,0.02,0.05,-0.23,0.11,-0.15,-0.04,-0.18,0.27,0.38,0.18,0.15,-0.39,0.25,-0.16,-0.19,-0.13,-0.16,-0.54,0.02,1.4,0.88,-0.07
2000,6,24006,0.07,0.17,0.03,0.07,0.2,-0.01,0.07,0.09,0.06,-0.22,-0.12,-0.24,0.24,0.29,0.19,0.2,0.25,0.19,-0.12,0.15,-0.43,0.41,1.01,0.13,0.28,0.25,-0.76
2000,7,24007,-0.05,0.02,-0.07,-0.03,0.09,-0.11,-0.07,-0.15,-0.05,-0.18,-0.15,-0.19,0.02,0.12,-0.07,0.02,-0.04,0.03,0.12,0.19,0.04,0.38,0.36,0.39,-0.15,-0.2,0.09
2000,8,24008,-0.11,0,-0.16,-0.03,0.05,-0.07,-0.2,-0.1,-0.22,-0.09,-0.1,-0.09,0.01,0.08,-0.06,-0.25,-0.07,-0.29,0.07,-0.11,0.29,0.04,0.6,-0.22,0.37,0.17,-0.48
2000,9,24009,0.02,0.1,0,0.02,0,0.04,0.02,0.31,-0.04,-0.09,-0.02,-0.11,0.09,0,0.16,0.08,0.59,-0.01,-0.24,-0.24,-0.24,0.61,1.36,0.26,0.48,0.28,0.66
2000,10,24010,0.04,-0.12,0.1,-0.03,-0.16,0.05,0.11,-0.03,0.14,0.09,0,0.12,-0.09,-0.2,0.01,0.12,-0.07,0.15,0.3,0.03,0.61,-0.21,-0.59,-0.02,-0.14,-0.18,0.01
2000,11,24011,0.01,-0.08,0.05,-0.01,-0.21,0.12,0.03,0.2,0,0.14,0.1,0.15,-0.1,-0.29,0.08,-0.01,0.3,-0.07,0.49,0.4,0.59,0.62,1.39,0.25,-1.66,-1.18,0.12
2000,12,24012,-0.02,-0.06,-0.01,-0.04,-0.14,0.02,-0.01,0.09,-0.03,0.05,0.04,0.05,-0.12,-0.19,-0.06,0,0.16,-0.03,0.18,-0.05,0.44,-0.29,0.12,-0.49,-1.23,-0.74,0.31
2001,1,24013,-0.05,0.07,-0.1,-0.02,0.15,-0.14,-0.08,-0.12,-0.07,-0.24,-0.23,-0.24,0.06,0.19,-0.07,0.04,0.15,0.02,0.1,-0.06,0.28,-0.02,0.07,-0.07,-0.02,0.21,0.46
2001,2,24014,0.1,-0.01,0.15,-0.09,-0.17,-0.04,0.3,0.38,0.29,-0.06,-0.07,-0.06,-0.09,-0.21,0.01,0.48,0.73,0.43,-0.05,-0.47,0.44,0.14,0.5,-0.03,-0.17,0.12,1.03
2001,3,24015,0.05,0.21,-0.01,0.1,0.33,-0.05,0.01,-0.07,0.02,-0.17,-0.3,-0.13,0.26,0.51,0.04,0.07,0.09,0.07,0.06,0.31,-0.22,-0.04,0.13,-0.11,-0.71,-0.7,-0.18
2001,4,24016,0.2,0.19,0.2,0.19,0.25,0.14,0.21,0.04,0.24,0.07,0.02,0.08,0.25,0.3,0.21,0.28,0.08,0.32,-0.05,0.13,-0.26,-0.03,-0.06,-0.02,0.52,0.46,-0.02
2001,5,24017,0.2,0.41,0.11,0.3,0.53,0.16,0.09,0.13,0.08,0.04,0.06,0.04,0.43,0.64,0.24,0.12,0.22,0.11,0.25,0.46,0,0.55,0.93,0.36,0.49,-0.04,-0.62
2001,6,24018,0.03,0.12,0,0.06,0.18,-0.02,0.01,-0.03,0.02,-0.12,-0.28,-0.08,0.17,0.3,0.05,0.07,0.18,0.05,0.29,0.51,0.04,-0.23,0.04,-0.35,0.02,0.13,0.35
2001,7,24019,0.08,0.19,0.04,0.14,0.23,0.08,0.02,0.11,0,0.05,0.03,0.06,0.18,0.27,0.09,0.01,0.2,-0.03,0.24,0.55,-0.11,0.29,0.67,0.11,0.26,0.16,-0.32
2001,8,24020,0.25,0.25,0.24,0.32,0.36,0.3,0.17,0,0.21,0.24,0.19,0.25,0.35,0.41,0.29,0.15,-0.15,0.2,0.67,0.85,0.46,-0.75,-1.51,-0.39,0.41,0.53,0.69
2001,9,24021,0,-0.08,0.02,-0.01,-0.09,0.04,0,-0.06,0.01,-0.05,-0.02,-0.06,0.01,-0.09,0.1,0.03,-0.13,0.06,0.33,0.04,0.67,-0.52,-0.22,-0.67,0.02,0.08,-0.24
2001,10,24022,0.19,-0.01,0.27,0.07,0.04,0.09,0.3,-0.13,0.39,0.21,0.1,0.24,0,0.02,-0.02,0.35,-0.28,0.46,-0.38,-0.33,-0.43,-0.18,-0.39,-0.09,-0.11,-0.34,-0.64
2001,11,24023,0.18,0.3,0.13,0.22,0.47,0.05,0.14,-0.08,0.18,0.16,0.16,0.16,0.25,0.55,-0.03,0.13,-0.26,0.2,0.02,0.2,-0.2,-0.46,-0.42,-0.49,1.38,1.24,-0.08
2001,12,24024,0.16,0.06,0.2,0.17,0.13,0.19,0.15,-0.1,0.2,0.17,0.24,0.14,0.17,0.11,0.21,0.14,-0.41,0.23,0.81,0.67,0.96,-0.59,-0.55,-0.61,0.44,0.11,-0.34
2002,1,24025,0.24,0.41,0.17,0.37,0.57,0.24,0.11,0.07,0.11,0.05,0,0.06,0.53,0.74,0.35,0.14,0.05,0.15,0.26,0.4,0.1,0.29,0.77,0.06,0.66,0.7,-0.4
2002,2,24026,0.3,0.51,0.22,0.36,0.76,0.11,0.24,-0.05,0.3,0.13,0.22,0.11,0.48,0.91,0.1,0.3,-0.27,0.4,-1.3,-0.72,-1.98,0.34,-0.22,0.6,0.62,0.33,-0.24
2002,3,24027,0.24,0.42,0.16,0.33,0.45,0.26,0.14,0.36,0.1,0.12,0.09,0.13,0.44,0.53,0.36,0.15,0.6,0.07,0.97,0.69,1.29,1.02,1.46,0.81,-0.65,-0.32,-0.22
2002,4,24028,0.23,0.2,0.24,0.2,0.03,0.31,0.26,0.57,0.19,0.05,0.12,0.03,0.29,0.01,0.54,0.36,0.93,0.26,-0.18,-0.36,0.03,0.74,1.56,0.36,1.08,0.92,0.64
2002,5,24029,0.25,0.32,0.22,0.18,0.03,0.27,0.32,0.99,0.18,0.27,0.25,0.27,0.13,-0.03,0.28,0.35,1.55,0.13,0.61,0.48,0.76,1.45,3.08,0.67,-0.45,-0.16,0.63
2002,6,24030,0.3,0.31,0.3,0.14,0.14,0.13,0.46,0.7,0.42,0.22,0.17,0.23,0.13,0.16,0.1,0.56,1.01,0.48,0.27,0.35,0.17,0.65,1.18,0.4,0.65,0.51,1.76
2002,7,24031,0.23,0.33,0.19,0.26,0.28,0.25,0.2,0.44,0.15,0.43,0.41,0.43,0.16,0.23,0.1,0.1,0.54,0.02,-0.06,0.04,-0.17,-0.05,0.84,-0.48,0.58,0.39,1.05
2002,8,24032,0.18,0.02,0.24,-0.02,-0.09,0.01,0.38,0.27,0.41,0.25,0.26,0.25,-0.16,-0.18,-0.14,0.44,0.31,0.47,-0.07,-0.27,0.16,0.23,0.04,0.32,-0.19,-0.36,0.53
2002,9,24033,0.2,0.18,0.21,0.08,0.05,0.09,0.33,0.46,0.31,0.2,0.17,0.2,0.01,0.01,0.02,0.4,0.7,0.35,0.08,-0.02,0.19,1.18,1.38,1.09,0.49,0.54,0.52
2002,10,24034,0.07,0.04,0.09,-0.16,-0.32,-0.06,0.31,0.85,0.2,0.17,0.14,0.17,-0.29,-0.41,-0.19,0.34,1.28,0.18,0.91,0.81,1.02,1.01,1.78,0.65,-1.24,-0.56,1.01
2002,11,24035,0.21,0.27,0.19,0.18,0.22,0.15,0.24,0.39,0.21,0.24,0.16,0.26,0.16,0.25,0.09,0.23,0.54,0.17,0.96,0.95,0.97,0.66,0.87,0.57,-0.58,0.06,0.64
2002,12,24036,0.15,-0.13,0.26,-0.01,-0.26,0.15,0.3,0.16,0.33,0.4,0.27,0.43,-0.21,-0.39,-0.05,0.24,0.04,0.28,0.65,-0.01,1.4,0.51,0.21,0.65,-0.17,0.03,-0.27
2003,1,24037,0.34,0.58,0.25,0.47,0.65,0.36,0.21,0.43,0.17,0.42,0.42,0.42,0.48,0.71,0.28,0.11,0.41,0.06,0.6,0.71,0.47,0.75,0.74,0.76,0.68,0.99,0.12
2003,2,24038,0.25,0.21,0.27,0.17,0.03,0.26,0.34,0.61,0.28,0.5,0.45,0.51,-0.02,-0.12,0.06,0.27,0.83,0.17,0.1,0.06,0.14,0.58,1.55,0.12,-0.72,-0.27,0.13
2003,3,24039,0.15,0.08,0.17,0.1,-0.01,0.17,0.2,0.3,0.17,0.24,0.14,0.27,0,-0.06,0.05,0.19,0.44,0.14,0.39,0.34,0.44,0.29,0.81,0.05,0.11,0.07,-0.27
2003,4,24040,0.15,0.12,0.16,0.23,0.12,0.3,0.07,0.11,0.06,0.21,0.2,0.21,0.24,0.09,0.37,0,0.07,-0.01,0.45,0.18,0.75,0.15,0.05,0.2,0.2,0.41,-0.09
2003,5,24041,0.21,0.21,0.21,0.31,0.23,0.36,0.1,0.15,0.09,0.19,0.28,0.17,0.37,0.21,0.51,0.06,0.09,0.05,0.41,0.34,0.48,-0.77,-0.83,-0.74,0.2,0.08,0.82
2003,6,24042,0,-0.07,0.02,0.07,-0.07,0.17,-0.08,-0.06,-0.09,-0.03,-0.01,-0.04,0.15,-0.07,0.34,-0.13,-0.17,-0.12,0.16,-0.02,0.35,-0.83,-1.12,-0.7,-0.44,-0.34,0.14
2003,7,24043,0.08,0.07,0.08,0.04,0.04,0.03,0.11,0.13,0.11,0.17,0.17,0.17,0,0.04,-0.04,0.06,0,0.07,0.29,0.49,0.05,-0.62,-0.88,-0.5,0.41,0.41,0.77
2003,8,24044,0.09,0.1,0.09,0.17,0.24,0.12,0.02,-0.23,0.07,0.15,0.05,0.18,0.17,0.29,0.07,-0.05,-0.42,0.02,0.73,0.85,0.6,0.04,-0.33,0.21,0.49,0.36,-0.15
2003,9,24045,0.14,0.26,0.1,0.24,0.24,0.23,0.05,0.3,0,0.12,0.02,0.15,0.29,0.31,0.27,0.02,0.48,-0.06,0.52,0.73,0.29,0.28,0.43,0.21,-0.2,-0.26,1
2003,10,24046,0.28,0.38,0.25,0.45,0.54,0.38,0.12,0.01,0.14,0.32,0.35,0.32,0.5,0.59,0.42,0.03,-0.24,0.07,1.22,1.33,1.09,-0.58,-0.5,-0.62,1.15,1.34,-0.67
2003,11,24047,0.17,-0.09,0.27,0.02,-0.26,0.19,0.33,0.28,0.34,0.3,0.27,0.31,-0.11,-0.39,0.13,0.32,0.26,0.33,-0.35,-0.66,0,0.25,0.33,0.21,-0.2,-0.27,0.08
2003,12,24048,0.38,0.63,0.28,0.5,0.7,0.37,0.25,0.47,0.21,0.27,0.23,0.28,0.64,0.85,0.46,0.22,0.6,0.15,0.43,0.81,0,0.43,1.03,0.15,0.64,0.52,0.78
2004,1,24049,0.21,0.16,0.23,0.12,0.09,0.15,0.3,0.33,0.29,0.32,0.3,0.32,0.03,0.03,0.04,0.28,0.35,0.27,0.71,0.54,0.89,0.31,0.64,0.16,-0.26,-0.25,-0.07
2004,2,24050,0.25,0.52,0.14,0.44,0.59,0.35,0.05,0.36,-0.01,0.25,0.07,0.3,0.5,0.71,0.3,0,0.63,-0.11,0.54,0.8,0.25,0.44,1.12,0.12,-0.4,-0.25,0.9
2004,3,24051,0.35,0.53,0.29,0.52,0.62,0.47,0.18,0.32,0.15,0.27,0.31,0.25,0.64,0.69,0.6,0.16,0.34,0.12,0.14,-0.14,0.46,0.24,0.44,0.14,1.59,1.23,0.61
2004,4,24052,0.14,0.09,0.16,0.17,0.04,0.25,0.11,0.2,0.09,0.07,0.03,0.08,0.23,0.06,0.39,0.11,0.28,0.08,0.57,-0.11,1.35,-0.13,0.17,-0.28,0.2,0.43,0.16
2004,5,24053,0.08,0.04,0.09,0.23,0.17,0.26,-0.07,-0.25,-0.04,0.07,0.08,0.07,0.31,0.18,0.42,-0.14,-0.44,-0.09,0.47,0.45,0.49,-0.56,-0.49,-0.6,0.45,0.85,-0.21
2004,6,24054,0,-0.13,0.05,-0.12,-0.27,-0.03,0.12,0.17,0.11,-0.14,-0.23,-0.11,-0.11,-0.28,0.05,0.24,0.48,0.2,-0.01,-0.08,0.08,-0.17,-0.22,-0.14,-0.74,-0.24,1.62
2004,7,24055,-0.23,-0.53,-0.12,-0.27,-0.46,-0.15,-0.2,-0.69,-0.09,-0.22,-0.21,-0.23,-0.3,-0.51,-0.1,-0.18,-1.09,-0.02,-0.13,-0.31,0.07,-1.65,-2.74,-1.13,-0.72,-0.43,0.06
2004,8,24056,-0.1,-0.24,-0.04,-0.07,-0.3,0.08,-0.13,-0.12,-0.13,0.09,0.08,0.09,-0.16,-0.39,0.04,-0.23,-0.29,-0.22,0.14,-0.12,0.44,-0.95,-1.08,-0.88,-1.43,-0.8,0.03
2004,9,24057,0.02,-0.05,0.04,-0.04,-0.01,-0.06,0.07,-0.14,0.12,-0.08,-0.07,-0.09,0,0.01,0,0.13,-0.22,0.19,-0.12,-0.18,-0.06,-0.35,-0.93,-0.08,0.14,-0.18,-0.27
2004,10,24058,0.15,0.06,0.18,0.09,-0.05,0.18,0.2,0.32,0.18,0.14,0.13,0.14,0.08,-0.09,0.24,0.22,0.44,0.18,0.02,-0.3,0.38,0.13,0.64,-0.11,-0.01,0.16,0.78
2004,11,24059,0.06,0.19,0.01,0.15,0.25,0.08,-0.03,0.06,-0.05,0.2,0.15,0.22,0.13,0.28,0,-0.16,0,-0.19,-0.15,0.1,-0.43,-0.05,0.08,-0.11,0.21,0.18,-0.15
2004,12,24060,0.05,-0.04,0.08,0.03,-0.16,0.15,0.06,0.23,0.03,0.24,0.25,0.23,-0.07,-0.3,0.13,-0.03,0.31,-0.09,-1.07,-1.25,-0.87,0.38,1.12,0.03,0.29,0.27,-0.35
2005,1,24061,0.29,0.31,0.29,0.35,0.23,0.43,0.24,0.49,0.18,0.29,0.26,0.3,0.39,0.26,0.51,0.2,0.55,0.14,1,0.93,1.09,0.67,0.89,0.57,1.09,1.26,0.36
2005,2,24062,0.18,-0.03,0.26,0.13,-0.21,0.34,0.23,0.38,0.2,0.55,0.71,0.51,-0.12,-0.48,0.2,0.08,0.19,0.06,0.73,0.31,1.2,-0.01,0.18,-0.1,0.61,0.5,0.04
2005,3,24063,0.19,0.25,0.16,0.31,0.23,0.36,0.07,0.29,0.02,0.45,0.43,0.46,0.22,0.16,0.27,-0.13,0.23,-0.19,0.82,0.74,0.9,0.04,0.58,-0.21,-0.86,-0.48,0.12
2005,4,24064,0.33,0.48,0.26,0.45,0.56,0.38,0.2,0.31,0.18,0.41,0.45,0.4,0.46,0.61,0.32,0.1,0.13,0.1,0.9,1.03,0.75,-0.11,-0.52,0.09,0.04,0.21,1.46
2005,5,24065,0.13,0.11,0.14,0.06,0.05,0.06,0.21,0.23,0.2,0.14,0.05,0.17,0.01,0.1,-0.06,0.24,0.21,0.25,0.85,1.14,0.51,0.06,-0.04,0.11,-0.58,-0.19,0.5
2005,6,24066,0.15,0.24,0.11,0.26,0.2,0.3,0.04,0.35,-0.02,0.3,0.34,0.28,0.23,0.19,0.28,-0.09,0.27,-0.15,0.33,0.29,0.36,0.17,0.43,0.04,0.03,0.13,0.02
2005,7,24067,0.22,0.25,0.21,0.28,0.17,0.35,0.16,0.43,0.1,0.31,0.27,0.33,0.29,0.18,0.39,0.05,0.45,-0.02,0.22,0.05,0.42,-0.15,-0.12,-0.16,0.62,0.41,0.89
2005,8,24068,0.1,0.13,0.09,0.17,0.1,0.21,0.03,0.19,0,0.21,0.26,0.19,0.17,0.09,0.24,-0.08,0.05,-0.1,0.28,0.28,0.29,-0.05,-0.42,0.12,0.03,0.23,0.31
2005,9,24069,0.25,0.34,0.21,0.24,0.35,0.17,0.25,0.34,0.23,0.29,0.32,0.28,0.21,0.36,0.07,0.24,0.34,0.22,-0.25,0.01,-0.55,0.15,0.76,-0.14,0.76,0.76,0.59
2005,10,24070,0.27,0.48,0.19,0.33,0.5,0.23,0.2,0.42,0.16,0.09,0.14,0.08,0.47,0.61,0.33,0.26,0.58,0.2,0.59,0.6,0.57,0.69,0.94,0.57,0.81,0.62,0.67
2005,11,24071,0.2,0.38,0.14,0.24,0.45,0.1,0.17,0.21,0.16,0.2,0.25,0.19,0.26,0.5,0.04,0.15,0.17,0.15,0.97,1.39,0.48,0.22,0.13,0.26,0.68,0.33,0.44
2005,12,24072,0.08,0.34,-0.02,0.11,0.29,0,0.06,0.47,-0.03,0.08,0.12,0.07,0.12,0.31,-0.05,0.05,0.82,-0.08,1.16,1.36,0.94,0.87,1.83,0.42,-0.37,-0.01,0.55
2006,1,24073,0.15,0.09,0.17,0.1,0.01,0.16,0.2,0.26,0.18,0,0.26,-0.07,0.15,-0.09,0.36,0.31,0.39,0.29,0.22,-0.88,1.49,0.14,0.03,0.19,1.54,0.94,0.98
2006,2,24074,0.17,0.31,0.12,0.31,0.45,0.22,0.04,0,0.04,0.21,0.4,0.16,0.36,0.43,0.3,-0.06,-0.2,-0.04,0.94,0.41,1.56,-0.01,-0.25,0.11,-0.24,-0.32,-0.27
2006,3,24075,0.16,0.21,0.13,0.16,0.24,0.11,0.15,0.14,0.15,-0.07,-0.04,-0.07,0.31,0.31,0.31,0.23,0.28,0.22,0.72,0.49,0.99,0.16,0.33,0.08,-0.3,-0.2,0.51
2006,4,24076,0.07,0.1,0.06,0.07,0.08,0.05,0.08,0.13,0.07,-0.12,-0.18,-0.1,0.15,0.15,0.15,0.19,0.37,0.16,-0.43,-0.79,-0.02,0.18,0.44,0.06,1.61,1.15,0.46
2006,5,24077,-0.09,-0.13,-0.07,0.06,0.09,0.04,-0.24,-0.63,-0.16,-0.19,-0.3,-0.16,0.19,0.2,0.18,-0.26,-0.9,-0.14,0.34,0.31,0.37,-0.99,-1.38,-0.8,0.3,0.38,-0.78
2006,6,24078,0.06,0.18,0.01,0.12,0.27,0.03,-0.01,0,-0.01,0.01,-0.04,0.02,0.21,0.36,0.07,-0.04,-0.01,-0.04,0.54,0.75,0.31,-0.26,-0.38,-0.2,0.3,0.23,-0.33
2006,7,24079,0.11,0.15,0.09,0.17,0.2,0.16,0.05,0.05,0.05,0.24,0.26,0.23,0.14,0.18,0.11,-0.06,-0.09,-0.05,0.08,0.03,0.14,-0.89,-1.41,-0.64,0.73,0.56,0.25
2006,8,24080,0.13,0.22,0.09,0.11,0.05,0.15,0.14,0.59,0.05,0.15,0.15,0.15,0.11,0.04,0.17,0.12,0.87,-0.01,0.23,0.13,0.36,0.24,1.38,-0.3,0.08,-0.13,1.01
2006,9,24081,0.14,0.18,0.12,0.19,0.26,0.15,0.09,0.01,0.1,0.06,-0.06,0.09,0.29,0.35,0.24,0.08,0.04,0.09,1.23,1.4,1.05,-0.36,-0.43,-0.33,-1.1,-0.65,0.45
2006,10,24082,0.22,0.19,0.24,0.17,0.12,0.2,0.28,0.35,0.26,0.28,0.23,0.3,0.12,0.09,0.15,0.26,0.44,0.23,0.06,-0.1,0.25,0.17,0.12,0.19,-0.58,-0.31,0.54
2006,11,24083,0.07,0.13,0.05,0.04,0.06,0.04,0.1,0.3,0.06,0.08,-0.04,0.12,0.04,0.09,0.01,0.09,0.54,0.01,0.32,0.11,0.56,0.16,0.5,0,0.36,0.07,0.75
2006,12,24084,0.17,0.31,0.11,0.34,0.57,0.19,0,-0.28,0.06,0.36,0.21,0.4,0.33,0.64,0.06,-0.2,-0.58,-0.13,0.52,0.58,0.44,-0.78,-1.12,-0.62,1.09,0.73,-0.86
2007,1,24085,0.43,0.7,0.32,0.53,0.82,0.34,0.33,0.44,0.3,0.55,0.42,0.59,0.54,0.95,0.18,0.19,0.39,0.15,0.13,0.7,-0.53,0.48,0.61,0.42,0.13,-0.03,0.16
2007,2,24086,0.19,0.22,0.18,0.32,0.3,0.34,0.06,0.05,0.06,0.32,0.35,0.31,0.31,0.26,0.35,-0.06,-0.11,-0.05,0.29,-0.39,1.08,-0.13,-0.38,-0.01,-0.64,-0.45,0.03
2007,3,24087,0.26,0.44,0.19,0.35,0.45,0.28,0.17,0.41,0.12,0.14,0.13,0.14,0.43,0.51,0.36,0.21,0.69,0.12,0.17,0.01,0.36,0.37,0.82,0.16,2.02,1.18,0.94
2007,4,24088,0.14,0.41,0.04,0.25,0.42,0.15,0.03,0.4,-0.04,0.07,0.14,0.05,0.35,0.5,0.22,0.01,0.57,-0.08,1.36,1.43,1.29,0.29,0.98,-0.04,-0.03,0.2,0.43
2007,5,24089,0.14,0.52,0,0.2,0.44,0.04,0.09,0.7,-0.04,0.14,0.28,0.1,0.22,0.49,-0.02,0.07,0.98,-0.09,-0.3,-0.14,-0.5,0.62,2.39,-0.22,0.49,0.4,0.6
2007,6,24090,0.13,0.29,0.07,0.23,0.26,0.22,0.03,0.36,-0.04,0.15,0.22,0.13,0.28,0.29,0.26,-0.04,0.38,-0.12,0.75,0.29,1.28,0.58,1.59,0.1,0.21,0.21,-1.34
2007,7,24091,0.18,0.32,0.13,0.23,0.26,0.22,0.13,0.46,0.06,0.23,0.25,0.22,0.24,0.29,0.19,0.08,0.55,0,0.61,0.56,0.66,0.62,1.43,0.23,0.33,0.34,0.39
2007,8,24092,0.2,0.34,0.15,0.19,0.31,0.1,0.22,0.41,0.18,0.05,0.15,0.02,0.3,0.41,0.19,0.27,0.44,0.24,0.48,0.47,0.49,-0.05,0.45,-0.29,1,0.99,0.91
2007,9,24093,0.12,0.29,0.05,0.13,0.21,0.07,0.11,0.46,0.04,0.11,0.16,0.09,0.17,0.27,0.08,0.08,0.55,0,-0.38,-0.43,-0.31,-0.8,-0.3,-1.04,0.48,0.49,0.81
2007,10,24094,0.12,0.26,0.07,0.16,0.29,0.08,0.08,0.19,0.05,-0.1,-0.04,-0.12,0.33,0.39,0.27,0.15,0.31,0.12,0.56,0.42,0.71,-0.14,0.19,-0.29,1.35,0.95,0.69
2007,11,24095,0.04,0.15,0,0.01,0.14,-0.08,0.07,0.17,0.06,-0.1,0.08,-0.15,0.07,0.16,-0.01,0.16,0.22,0.15,0.1,0.13,0.06,0.48,1.01,0.22,0.43,0.56,-0.09
2007,12,24096,-0.04,0,-0.05,-0.06,0.14,-0.18,-0.02,-0.33,0.05,-0.25,-0.07,-0.31,0.04,0.17,-0.07,0.11,-0.46,0.22,0.4,0.3,0.52,-0.34,-1.01,-0.03,0.17,0.02,-0.02
2008,1,24097,-0.22,-0.42,-0.14,-0.35,-0.5,-0.26,-0.09,-0.24,-0.06,-0.32,-0.19,-0.35,-0.35,-0.57,-0.15,0.01,-0.3,0.06,-0.36,-0.28,-0.45,-0.42,-1,-0.15,-1.11,-1.24,0.46
2008,2,24098,-0.13,-0.18,-0.11,0.02,0,0.03,-0.29,-0.61,-0.22,-0.43,-0.31,-0.46,0.25,0.07,0.4,-0.2,-0.79,-0.1,-0.15,-0.16,-0.14,-0.59,-1.36,-0.22,0.2,0.04,-0.57
2008,3,24099,-0.14,0.42,-0.36,0.13,0.74,-0.26,-0.41,-0.29,-0.43,-0.58,-0.34,-0.65,0.47,0.96,0.04,-0.28,-0.06,-0.32,-0.02,0.46,-0.57,-0.05,0.43,-0.28,-0.7,-0.78,-0.44
2008,4,24100,-0.13,0.12,-0.23,0.08,0.19,0.01,-0.33,-0.02,-0.39,-0.53,-0.34,-0.59,0.38,0.33,0.43,-0.21,0.21,-0.28,0.07,-0.17,0.35,0.9,1.86,0.45,-0.25,-0.14,-0.94
2008,5,24101,-0.26,-0.01,-0.36,-0.1,0.06,-0.2,-0.43,-0.19,-0.47,-0.53,-0.34,-0.58,0.11,0.16,0.07,-0.35,-0.04,-0.41,0.72,0.74,0.69,0.17,0.48,0.02,-0.29,-0.29,-0.58
2008,6,24102,-0.18,-0.02,-0.24,-0.15,0.09,-0.3,-0.21,-0.25,-0.2,-0.3,-0.08,-0.36,-0.04,0.15,-0.22,-0.19,-0.44,-0.14,-0.07,0.11,-0.28,-1.08,-1.66,-0.8,-0.37,-0.44,0.67
2008,7,24103,-0.1,0.04,-0.15,-0.05,-0.02,-0.07,-0.14,0.16,-0.21,-0.17,-0.07,-0.2,0.04,0.02,0.05,-0.16,0.24,-0.23,-0.01,-0.12,0.12,-0.24,-0.21,-0.25,0,-0.12,-0.17
2008,8,24104,-0.16,-0.07,-0.2,-0.06,0.1,-0.16,-0.27,-0.46,-0.23,-0.21,0.04,-0.28,0.05,0.16,-0.05,-0.32,-0.97,-0.21,0.32,0.32,0.32,-0.78,-1.34,-0.52,-0.1,-0.26,-1.47
2008,9,24105,0.02,0.02,0.02,-0.01,-0.05,0.02,0.05,0.18,0.02,0.01,0.19,-0.04,-0.01,-0.1,0.06,0.05,0.1,0.04,0.27,0.16,0.4,-0.13,-0.29,-0.05,-0.2,-0.22,0.4
2008,10,24106,0,0.23,-0.09,0.03,0.29,-0.14,-0.03,0.11,-0.05,0.05,0.22,0,0.05,0.33,-0.19,-0.1,-0.04,-0.11,-0.2,0.12,-0.57,-0.68,-0.96,-0.55,0.15,-0.2,0.66
2008,11,24107,0.06,0.24,-0.01,0.03,0.26,-0.12,0.1,0.22,0.07,0.06,0.31,-0.01,0.02,0.23,-0.18,0.12,0.18,0.11,0.02,0.08,-0.05,-0.18,-0.14,-0.21,0.1,-0.12,0.32
2008,12,24108,0.02,-0.01,0.03,0.09,-0.01,0.15,-0.05,-0.01,-0.06,-0.11,0.06,-0.16,0.21,-0.05,0.45,-0.03,0,-0.04,0.45,0.1,0.84,-0.42,-0.47,-0.39,-0.13,-0.09,0.21
2009,1,24109,0.11,0.21,0.07,0.17,0.28,0.1,0.05,0.07,0.04,-0.18,0.01,-0.23,0.38,0.34,0.41,0.14,0.15,0.14,0.63,0.53,0.74,-0.04,0.07,-0.09,0.37,0.22,0.44
2009,2,24110,0.12,0.39,0.02,0.31,0.51,0.18,-0.06,0.12,-0.09,-0.06,0.14,-0.12,0.49,0.55,0.43,-0.04,0.27,-0.1,0.21,-0.08,0.55,-0.22,0.52,-0.57,0.21,0.15,0.16
2009,3,24111,0.03,0.18,-0.03,0.05,0.15,-0.02,0.01,0.24,-0.04,-0.21,0,-0.27,0.23,0.2,0.25,0.09,0.4,0.03,-0.02,-0.17,0.14,0.56,0.84,0.43,0.46,0.17,0.09
2009,4,24112,-0.01,0.06,-0.04,0.01,0.09,-0.04,-0.04,0,-0.04,0,0.03,-0.01,0.01,0.08,-0.05,-0.05,0.05,-0.07,0.02,0.13,-0.12,-0.43,-0.2,-0.54,-0.36,-0.3,-0.32
2009,5,24113,-0.06,0.03,-0.09,-0.07,-0.08,-0.06,-0.04,0.29,-0.11,-0.07,-0.04,-0.08,-0.07,-0.11,-0.04,-0.02,0.61,-0.13,-0.02,-0.26,0.25,0.58,1.8,0.01,0.29,0.39,-0.83
2009,6,24114,-0.16,-0.14,-0.18,-0.23,-0.31,-0.18,-0.1,0.27,-0.18,0.02,0.08,0.01,-0.36,-0.42,-0.31,-0.17,0.4,-0.27,-0.16,0.03,-0.39,0.16,1.12,-0.3,-0.46,-0.41,0.18
2009,7,24115,0.21,0.13,0.24,-0.03,-0.16,0.06,0.45,0.8,0.38,0.38,0.37,0.39,-0.22,-0.3,-0.14,0.46,1.12,0.35,-0.17,-0.28,-0.04,1.29,2.62,0.66,-0.99,-0.65,0.99
2009,8,24116,0.06,0.09,0.05,0.04,-0.11,0.15,0.08,0.53,-0.02,0.35,0.39,0.35,-0.13,-0.25,-0.01,-0.06,0.68,-0.19,-0.24,-0.17,-0.32,0.05,0.42,-0.12,-0.41,-0.4,1.72
2009,9,24117,0.27,0.46,0.19,0.31,0.45,0.22,0.23,0.47,0.18,0.51,0.64,0.47,0.2,0.42,-0.01,0.09,0.28,0.05,0.34,0.69,-0.06,-0.46,0.29,-0.82,0.26,0.22,0.68
2009,10,24118,0.17,0.06,0.21,0.16,0.02,0.26,0.18,0.15,0.18,0.33,0.36,0.32,0.06,-0.08,0.19,0.11,0.02,0.13,0.17,-0.01,0.37,-0.15,0.05,-0.25,-0.97,-0.39,-0.18
2009,11,24119,0.28,0.41,0.23,0.21,0.27,0.17,0.35,0.71,0.27,0.42,0.42,0.42,0.13,0.25,0.02,0.28,0.87,0.18,-0.09,-0.47,0.35,0.84,1.14,0.69,0.97,0.53,0.78
2009,12,24120,0.12,0.02,0.15,0.05,-0.12,0.15,0.18,0.32,0.16,0.42,0.32,0.45,-0.15,-0.26,-0.06,0.06,0.4,0,1.05,0.51,1.66,0.12,0.37,0.01,-1.59,-0.95,0.46
2010,1,24121,0.5,0.65,0.44,0.6,0.68,0.55,0.4,0.58,0.37,0.59,0.54,0.6,0.55,0.68,0.43,0.36,0.74,0.29,1.16,1.05,1.29,0.73,1.23,0.5,-0.37,-0.24,0.5
2010,2,24122,0.46,0.49,0.45,0.44,0.42,0.46,0.48,0.65,0.44,0.84,0.89,0.83,0.2,0.29,0.12,0.32,0.48,0.3,1.02,0.87,1.19,0.63,0.89,0.5,-1.94,-1.45,-0.25
2010,3,24123,0.51,0.67,0.45,0.59,0.7,0.51,0.44,0.61,0.4,0.76,0.71,0.78,0.47,0.69,0.28,0.29,0.57,0.24,0.52,0.38,0.69,0.38,0.6,0.28,0.03,-0.12,0.28
2010,4,24124,0.32,0.37,0.31,0.45,0.4,0.48,0.2,0.32,0.18,0.67,0.71,0.66,0.32,0.34,0.3,-0.04,-0.07,-0.03,1.25,1.15,1.37,-0.57,-0.8,-0.46,0.31,0.28,0.83
2010,5,24125,0.41,0.52,0.37,0.59,0.6,0.59,0.23,0.33,0.21,0.8,0.86,0.78,0.47,0.54,0.4,-0.05,-0.1,-0.04,1.42,1.42,1.41,-0.84,-0.54,-0.98,-0.4,-0.21,0.11
2010,6,24126,0.31,0.31,0.31,0.39,0.43,0.36,0.23,0.04,0.27,0.45,0.62,0.4,0.39,0.42,0.35,0.09,-0.52,0.2,0.19,0.02,0.39,-1.19,-1.94,-0.83,0.7,0.56,0.19
2010,7,24127,0.33,0.32,0.33,0.46,0.58,0.39,0.19,-0.24,0.28,0.32,0.43,0.29,0.58,0.67,0.49,0.09,-0.91,0.27,0.56,0.84,0.24,-1.55,-2.64,-1.03,0.62,0.46,-0.08
2010,8,24128,0.34,0.41,0.32,0.46,0.55,0.41,0.23,0.08,0.26,0.27,0.48,0.21,0.6,0.62,0.59,0.16,-0.39,0.26,0.73,0.61,0.88,-1.05,-1.74,-0.73,0.93,0.87,0.23
2010,9,24129,0.37,0.42,0.35,0.32,0.39,0.28,0.42,0.48,0.41,0.14,0.39,0.07,0.47,0.46,0.47,0.52,0.34,0.55,0.54,0.22,0.9,0.33,0.34,0.32,0.81,1.08,-0.22
2010,10,24130,0.2,0.34,0.15,0.18,0.42,0.03,0.22,0.16,0.23,0.03,0.35,-0.07,0.27,0.45,0.12,0.32,-0.03,0.38,0.69,0.51,0.9,0.12,0.2,0.09,0.4,0.35,-0.6
2010,11,24131,0.16,0.39,0.07,0.26,0.72,-0.04,0.07,-0.35,0.16,-0.2,0.02,-0.27,0.5,0.89,0.16,0.21,-0.58,0.35,0.56,0.95,0.11,-0.42,-0.64,-0.32,0,0.3,-0.76
2010,12,24132,0.09,0.27,0.02,0.02,0.33,-0.18,0.15,0.13,0.16,-0.4,-0.1,-0.48,0.24,0.44,0.06,0.44,0.32,0.47,0.77,0.78,0.75,0.07,0.27,-0.03,-0.49,-0.62,0.18
2011,1,24133,-0.06,-0.09,-0.05,-0.18,-0.2,-0.17,0.05,0.16,0.03,-0.5,-0.22,-0.58,-0.02,-0.21,0.14,0.35,0.48,0.33,1.24,1.2,1.28,-0.05,0.55,-0.34,-0.83,-0.39,0.76
2011,2,24134,-0.06,-0.19,0,-0.1,-0.19,-0.04,-0.01,-0.2,0.03,-0.42,-0.23,-0.48,0.03,-0.23,0.26,0.24,-0.02,0.29,-0.46,-0.99,0.15,-0.16,0.13,-0.3,-0.08,-0.09,-0.28
2011,3,24135,-0.18,-0.09,-0.22,-0.21,-0.12,-0.28,-0.15,-0.04,-0.18,-0.45,-0.33,-0.49,-0.11,-0.07,-0.14,0.02,0.22,-0.02,0.44,0.33,0.56,0.32,0.49,0.24,0.08,0.14,-0.06
2011,4,24136,-0.04,0.15,-0.11,-0.03,0.15,-0.14,-0.04,0.15,-0.09,-0.31,-0.13,-0.36,0.1,0.22,0,0.11,0.36,0.07,0.31,0.21,0.43,0.35,1.19,-0.04,0.2,0.1,-0.25
2011,5,24137,0,0.1,-0.04,-0.01,0.13,-0.1,0.02,0.04,0.02,-0.1,0.18,-0.18,0.03,0.13,-0.06,0.08,-0.11,0.12,0.48,0.53,0.42,-0.11,0.1,-0.21,-0.57,-0.35,-0.77
2011,6,24138,0.14,0.3,0.08,0.18,0.34,0.07,0.1,0.2,0.08,0.11,0.39,0.02,0.21,0.35,0.09,0.11,-0.01,0.13,0.48,0.5,0.46,-0.07,-0.27,0.02,0.02,0,0.24
2011,7,24139,0.2,0.42,0.11,0.22,0.34,0.14,0.18,0.62,0.09,0.1,0.3,0.05,0.3,0.36,0.25,0.19,0.81,0.09,0.32,0.42,0.19,1.04,1.94,0.61,1.06,0.79,0.26
2011,8,24140,0.16,0.35,0.09,0.12,0.19,0.08,0.2,0.69,0.09,0.12,0.22,0.09,0.16,0.21,0.12,0.2,0.96,0.07,0.27,0.17,0.38,1.06,2.25,0.5,0.81,0.49,0.53
2011,9,24141,0.17,0.38,0.09,0.16,0.32,0.05,0.18,0.51,0.11,0.09,0.19,0.07,0.22,0.38,0.08,0.21,0.71,0.12,0.49,0.4,0.59,0.64,0.87,0.52,-0.06,-0.1,0.13
2011,10,24142,-0.05,0.18,-0.13,0.03,0.27,-0.12,-0.13,-0.04,-0.14,-0.14,0.02,-0.19,0.12,0.32,-0.06,-0.11,-0.04,-0.13,0.07,0.12,0.02,0.01,0.38,-0.16,0.01,-0.08,-0.52
2011,11,24143,-0.02,0.09,-0.06,-0.08,-0.07,-0.08,0.04,0.46,-0.05,-0.06,0.05,-0.1,-0.09,-0.12,-0.06,0.1,0.83,-0.03,-0.09,-0.34,0.2,0.5,1.68,-0.05,0.09,-0.41,0.05
2011,12,24144,0,0.09,-0.03,-0.01,0.18,-0.14,0.02,-0.11,0.05,-0.08,0.1,-0.13,0.01,0.18,-0.14,0.07,-0.21,0.13,-0.47,-0.14,-0.85,-0.19,-0.2,-0.19,0.52,0.19,-0.51
2012,1,24145,-0.2,-0.31,-0.16,-0.23,-0.33,-0.17,-0.17,-0.26,-0.15,-0.24,-0.03,-0.31,-0.23,-0.43,-0.05,-0.12,-0.39,-0.07,0.25,-0.09,0.63,-0.49,-0.66,-0.42,0.98,0.16,-0.5
2012,2,24146,-0.22,-0.23,-0.22,-0.14,-0.21,-0.09,-0.31,-0.27,-0.32,-0.36,-0.12,-0.43,-0.01,-0.29,0.23,-0.29,-0.24,-0.31,1.11,0.97,1.26,0.06,0.12,0.04,0.4,0.41,-0.97
2012,3,24147,-0.04,-0.01,-0.05,-0.02,0,-0.02,-0.06,-0.04,-0.06,-0.27,-0.22,-0.29,0.15,0.05,0.25,0.02,0.12,0,-0.1,-0.53,0.41,0.34,0.28,0.37,2.52,1.77,0.02
2012,4,24148,0.11,0.43,-0.02,0.17,0.62,-0.12,0.05,0,0.06,-0.3,-0.16,-0.34,0.48,0.86,0.14,0.17,0.01,0.2,0.97,1.25,0.66,0.05,0.42,-0.13,1.24,1.22,-0.13
2012,5,24149,0.06,0.38,-0.07,0.27,0.56,0.08,-0.16,-0.03,-0.18,-0.18,-0.13,-0.19,0.5,0.75,0.28,-0.15,0.04,-0.18,0.84,1.08,0.56,-0.08,0.16,-0.19,0.94,0.58,-0.75
2012,6,24150,0.14,0.34,0.05,0.32,0.63,0.11,-0.04,-0.31,0.01,-0.15,-0.06,-0.18,0.55,0.83,0.31,0.02,-0.53,0.12,1.44,1.74,1.1,-0.8,-1.23,-0.59,0.72,0.71,0.02
2012,7,24151,0.02,0.13,-0.03,0.18,0.4,0.04,-0.15,-0.5,-0.07,0.1,0.17,0.08,0.24,0.51,0.01,-0.29,-1.13,-0.15,0.3,0.58,-0.02,-1.48,-2.32,-1.09,0.68,0.51,-0.63
2012,8,24152,0.08,0.14,0.06,0.04,0.12,0,0.12,0.19,0.11,0.07,0.14,0.05,0.07,0.16,-0.01,0.11,0.07,0.12,-0.12,-0.23,-0.01,-0.25,-0.36,-0.21,0.2,0.21,-0.01
2012,9,24153,0.22,0.32,0.18,0.17,0.33,0.07,0.27,0.29,0.27,0.14,0.14,0.14,0.23,0.43,0.04,0.3,0.27,0.31,0.49,0.76,0.19,-0.39,-0.75,-0.21,0,-0.08,0.9
2012,10,24154,0.24,0.28,0.22,0.18,0.09,0.23,0.3,0.71,0.21,0.18,0.32,0.14,0.19,0.06,0.31,0.34,0.9,0.24,0.48,0.36,0.62,0.66,1.36,0.33,-0.32,-0.06,0.53
2012,11,24155,0.18,0.45,0.08,0.17,0.33,0.06,0.19,0.72,0.09,0.26,0.3,0.25,0.12,0.32,-0.06,0.16,1.08,-0.01,0.7,0.4,1.05,0.95,1.86,0.51,-0.01,0.06,0.57
2012,12,24156,0.13,0.03,0.17,-0.1,-0.25,0,0.36,0.67,0.3,0.19,0.2,0.19,-0.25,-0.39,-0.12,0.45,1.12,0.33,0.01,-0.17,0.21,1.55,2.27,1.2,0.17,-0.11,0.14
2013,1,24157,0.45,0.47,0.45,0.4,0.32,0.45,0.51,0.79,0.45,0.41,0.52,0.38,0.36,0.26,0.46,0.59,1.05,0.51,0.6,0.27,0.97,1.32,1.42,1.27,0.83,0.94,1.13
2013,2,24158,0.13,0.13,0.13,0.26,0.24,0.28,-0.01,-0.12,0.01,0.23,0.33,0.2,0.27,0.19,0.34,-0.12,-0.37,-0.07,-0.07,-0.12,0,-0.04,-0.28,0.08,-0.75,-0.71,-0.9
2013,3,24159,0.1,0.18,0.06,0.19,0.28,0.13,0.01,-0.03,0.02,0.21,0.36,0.16,0.15,0.25,0.07,-0.07,-0.29,-0.03,-0.36,-0.9,0.25,-0.38,-0.63,-0.27,-0.94,-0.85,0.69
2013,4,24160,0.05,-0.06,0.09,0.03,-0.1,0.12,0.07,0.02,0.07,0.16,0.15,0.16,-0.02,-0.15,0.09,0.01,-0.11,0.03,-0.29,-0.33,-0.24,-0.11,-0.65,0.14,-0.46,-0.65,0.01
2013,5,24161,0,0.2,-0.08,0.09,0.28,-0.04,-0.08,0.02,-0.1,0.06,0.2,0.02,0.12,0.33,-0.07,-0.17,-0.18,-0.17,-0.1,0.27,-0.52,-0.66,-0.72,-0.63,-0.17,-0.28,0.32
2013,6,24162,0.2,0.39,0.13,0.26,0.42,0.15,0.15,0.31,0.11,0.11,0.24,0.07,0.35,0.5,0.23,0.15,0.29,0.12,0.68,0.96,0.36,-0.62,0.2,-1.01,0.33,0.62,0.25
2013,7,24163,0.03,0.03,0.04,0.04,0.03,0.05,0.03,0.03,0.03,-0.06,0.02,-0.08,0.09,0.06,0.12,0.07,-0.05,0.09,0.21,0.16,0.27,-1.21,-1.18,-1.23,-0.14,0,0.59
2013,8,24164,0.04,0.17,-0.01,0.01,0.06,-0.03,0.07,0.43,0,-0.04,-0.04,-0.04,0.06,0.13,0,0.1,0.64,0.01,0.08,0.31,-0.18,0.33,1.23,-0.09,-0.16,-0.07,1.02
2013,9,24165,0.21,0.45,0.12,0.24,0.2,0.26,0.19,1.01,0.02,0.14,0.21,0.12,0.3,0.23,0.37,0.2,1.52,-0.03,0.18,0.11,0.25,1.08,3.07,0.14,0.82,0.7,1.04
2013,10,24166,0.18,0.41,0.1,0.3,0.39,0.25,0.06,0.45,-0.02,-0.03,0.03,-0.04,0.47,0.49,0.45,0.12,0.75,0.01,0.35,0.53,0.15,0.31,1.14,-0.09,-0.39,0.12,0.96
2013,11,24167,0.05,0.3,-0.05,0.04,0.25,-0.1,0.06,0.4,-0.01,-0.04,0,-0.05,0.07,0.3,-0.13,0.11,0.77,0,-0.48,-0.14,-0.87,0.12,1.5,-0.54,-0.08,0,-0.07
2013,12,24168,0.13,0.2,0.11,0.07,0.02,0.1,0.2,0.58,0.12,-0.01,-0.01,-0.01,0.11,0.04,0.17,0.3,1.02,0.18,0.28,0.6,-0.08,1.18,1.72,0.93,-0.48,-0.14,0.28
2014,1,24169,0.2,0.2,0.2,0.24,0.16,0.29,0.16,0.29,0.14,-0.12,-0.09,-0.13,0.42,0.21,0.61,0.32,0.64,0.27,0.95,0.51,1.45,0.45,0.96,0.21,-0.4,0.24,0.69
2014,2,24170,0.13,-0.02,0.19,0.23,0.03,0.37,0.03,-0.13,0.07,-0.07,-0.04,-0.07,0.38,0.03,0.68,0.1,-0.15,0.15,1.27,0.82,1.8,-0.26,-0.22,-0.27,-0.51,-0.32,-0.11
2014,3,24171,0.09,0.07,0.1,0.19,0.28,0.13,-0.01,-0.4,0.07,-0.04,-0.07,-0.03,0.29,0.36,0.22,0.02,-0.62,0.14,0.68,0.64,0.73,-0.27,-0.68,-0.07,-0.32,-0.12,-0.36
2014,4,24172,0.11,0.14,0.09,0.23,0.24,0.22,-0.01,-0.09,0,0.08,-0.03,0.12,0.28,0.33,0.23,-0.04,-0.16,-0.02,0.16,0.23,0.08,-0.22,-0.53,-0.08,0.08,0.21,0.62
2014,5,24173,0.25,0.37,0.2,0.26,0.28,0.25,0.23,0.56,0.16,0.18,0.12,0.19,0.34,0.36,0.32,0.23,0.78,0.13,0.57,0.81,0.29,0.67,1.5,0.27,-0.07,0.21,0.31
2014,6,24174,0.25,0.17,0.29,0.21,0.11,0.28,0.29,0.3,0.29,0.48,0.58,0.45,0.07,0.01,0.13,0.19,0,0.22,0.05,0.03,0.07,-1.03,-0.86,-1.11,-0.16,-0.3,0.53
2014,7,24175,0.21,0.05,0.27,0.21,0.07,0.3,0.21,0.01,0.26,0.42,0.39,0.43,0.09,-0.03,0.21,0.11,-0.21,0.17,0.18,0.26,0.08,-0.34,-1,-0.02,-0.35,-0.33,0.7
2014,8,24176,0.06,0.04,0.07,0.09,0.04,0.12,0.03,0.03,0.03,0.01,-0.02,0.02,0.14,0.07,0.2,0.03,0.03,0.03,0.25,0.31,0.19,0.01,-0.13,0.07,-0.46,-0.44,-0.84
2014,9,24177,0.15,0.19,0.13,0.05,-0.01,0.09,0.24,0.65,0.16,0.14,0.11,0.15,0.03,-0.01,0.06,0.28,0.95,0.16,-0.41,-0.41,-0.4,0.48,1.36,0.07,0.38,0.46,0.31
2014,10,24178,0.24,0.33,0.21,0.27,0.23,0.3,0.21,0.56,0.14,0.16,0.21,0.15,0.34,0.25,0.41,0.24,0.77,0.14,0.08,-0.07,0.25,0.16,0.3,0.1,1.01,0.87,0.79
2014,11,24179,0.23,0.11,0.28,0.26,0.01,0.42,0.21,0.34,0.18,0.23,0.15,0.26,0.27,-0.03,0.54,0.2,0.49,0.15,0.94,0.63,1.29,0.35,1.03,0.02,-0.99,-0.35,0.62
2014,12,24180,0.22,0.28,0.2,0.26,0.39,0.18,0.18,0.03,0.21,0.24,0.14,0.26,0.28,0.43,0.14,0.15,0.01,0.18,0.23,0.48,-0.06,-0.28,-0.34,-0.25,0.84,0.95,0.35
2015,1,24181,0.29,0.37,0.26,0.44,0.54,0.37,0.15,-0.02,0.18,0.12,-0.05,0.17,0.61,0.68,0.55,0.16,0.05,0.18,0.12,0.35,-0.14,0,-0.02,0.01,1.08,1.25,-0.01
2015,2,24182,0.19,0.39,0.11,0.34,0.56,0.2,0.03,0.01,0.04,-0.07,0.1,-0.12,0.55,0.66,0.44,0.1,0.01,0.11,0.1,0.36,-0.21,0.09,0.18,0.04,0.41,0.72,-0.03
2015,3,24183,0.17,0.33,0.11,0.28,0.43,0.18,0.06,0.1,0.06,0.04,-0.06,0.07,0.42,0.58,0.27,0.07,0.15,0.05,0.13,0.25,0,0.15,0.14,0.15,1.71,1.49,0.24
2015,4,24184,0.08,0.02,0.11,0.18,0.15,0.2,-0.01,-0.27,0.04,0.08,-0.1,0.13,0.25,0.22,0.28,-0.08,-0.42,-0.01,0.51,0.25,0.81,-0.5,-0.75,-0.38,0.26,0.2,-0.58
2015,5,24185,0.27,0.27,0.27,0.34,0.35,0.33,0.2,0.1,0.22,0.26,0.18,0.29,0.37,0.39,0.34,0.18,0.06,0.2,0.53,0.77,0.24,0.14,-0.4,0.4,-0.26,0.22,-0.02
2015,6,24186,0.31,0.33,0.3,0.37,0.37,0.37,0.25,0.25,0.24,0.46,0.48,0.45,0.35,0.36,0.34,0.12,0.03,0.13,0.35,0.5,0.18,-1.16,-1.19,-1.14,0.95,0.92,0.57
2015,7,24187,0.15,0.07,0.19,0.28,0.22,0.32,0.03,-0.28,0.09,0.48,0.57,0.45,0.17,0.13,0.22,-0.21,-0.93,-0.08,0.08,0.08,0.08,-1.46,-2.12,-1.14,-0.04,-0.08,-0.27
2015,8,24188,0.24,0.02,0.33,0.19,0.02,0.3,0.3,0.02,0.36,0.52,0.51,0.53,0.03,-0.08,0.12,0.17,-0.41,0.27,-0.19,-0.17,-0.21,-0.71,-1.5,-0.33,-0.09,-0.15,-0.3
2015,9,24189,0.23,0.03,0.3,0.3,0.12,0.41,0.16,-0.17,0.23,0.55,0.55,0.55,0.18,0.05,0.3,-0.06,-0.82,0.07,0.15,0.02,0.29,-1.06,-1.88,-0.67,0.76,0.48,-0.45
2015,10,24190,0.41,0.53,0.36,0.62,0.56,0.66,0.2,0.47,0.14,0.53,0.54,0.52,0.67,0.58,0.76,0.03,0.39,-0.04,0.61,0.46,0.77,-0.24,0.41,-0.55,1.34,1.51,0.51
2015,11,24191,0.33,0.47,0.27,0.43,0.52,0.38,0.22,0.35,0.19,0.52,0.49,0.53,0.41,0.54,0.29,0.04,0.2,0.01,-0.11,-0.12,-0.11,-0.28,0.27,-0.54,0.84,0.59,0.62
2015,12,24192,0.45,0.51,0.42,0.53,0.58,0.49,0.37,0.36,0.37,0.61,0.27,0.71,0.51,0.69,0.35,0.22,0.33,0.2,-0.43,-0.17,-0.72,0.38,0.36,0.39,1.52,1.11,0.21
2016,1,24193,0.54,0.49,0.56,0.69,0.64,0.72,0.39,0.14,0.44,0.84,0.59,0.92,0.62,0.71,0.55,0.14,-0.36,0.22,2.44,2.53,2.33,-0.44,-0.78,-0.28,-0.5,-0.03,-0.65
2016,2,24194,0.83,1.04,0.75,1.16,1.33,1.05,0.5,0.37,0.52,0.99,0.87,1.02,1.24,1.45,1.04,0.26,0.02,0.31,1.51,1.53,1.49,-0.47,-0.72,-0.36,1.12,1.26,0.39
2016,3,24195,0.73,0.92,0.66,0.94,1.13,0.82,0.52,0.44,0.54,1.09,1,1.11,0.86,1.16,0.59,0.23,0.01,0.27,1.44,1.46,1.41,-0.38,-0.29,-0.42,1.23,1.26,0.54
2016,4,24196,0.71,0.81,0.68,0.85,0.88,0.83,0.58,0.63,0.57,0.93,0.72,1,0.81,0.96,0.68,0.38,0.46,0.37,1.89,2.05,1.72,0.27,0.12,0.34,0.65,0.91,0.9
2016,5,24197,0.54,0.55,0.54,0.65,0.5,0.74,0.44,0.67,0.39,0.71,0.54,0.77,0.64,0.48,0.77,0.27,0.77,0.18,1.13,0.96,1.31,0.93,1.45,0.69,-0.55,-0.08,1.22
2016,6,24198,0.34,0.27,0.36,0.51,0.5,0.51,0.17,-0.23,0.25,0.37,0.25,0.41,0.6,0.58,0.61,0.04,-0.65,0.16,0.87,1.08,0.62,-1.31,-2.13,-0.92,1.12,1.05,1.03
2016,7,24199,0.39,0.42,0.37,0.48,0.48,0.48,0.3,0.31,0.29,0.48,0.47,0.48,0.51,0.52,0.51,0.17,0.06,0.19,0.37,0.55,0.17,-0.05,-0.94,0.37,0.27,0.36,1.19
2016,8,24200,0.43,0.58,0.38,0.55,0.55,0.56,0.32,0.65,0.25,0.49,0.36,0.53,0.58,0.6,0.56,0.23,0.86,0.12,0.82,1.07,0.53,0.57,1.64,0.07,0.06,0.25,0.2
2016,9,24201,0.44,0.46,0.43,0.49,0.64,0.4,0.39,0.05,0.46,0.37,0.28,0.39,0.56,0.73,0.4,0.4,-0.11,0.49,1.23,1.18,1.3,-0.23,-0.71,0,0.53,0.51,-0.09
2016,10,24202,0.41,0.23,0.48,0.42,0.1,0.63,0.39,0.51,0.37,0.46,0.43,0.47,0.41,0.02,0.76,0.35,0.55,0.31,1.63,0.78,2.61,1.14,1.16,1.14,1.15,1.59,0.22
2016,11,24203,0.45,0.48,0.44,0.41,0.38,0.43,0.5,0.73,0.45,0.37,0.32,0.38,0.42,0.38,0.45,0.57,1.06,0.49,0.96,0.44,1.55,1.58,2.52,1.14,1.85,1.65,0.01
,,0,,,,,,,,,,,,,,,,,,,,,,,,,,,
,,0,,,,,,,,,,,,,,,,,,,,,,,,,,,